feeder_id,outage_risk_score,risk_tier,risk_tier_order,alert_flag
F337,97.0,critical,4,1
F760,96.9,critical,4,1
F496,96.6,critical,4,1
F332,95.9,critical,4,1
F408,95.2,critical,4,1
F330,95.0,critical,4,1
F1304,94.4,critical,4,1
F216,93.4,critical,4,1
F075,93.4,critical,4,1
F248,92.5,critical,4,1
F791,92.5,critical,4,1
F1315,91.5,critical,4,1
F029,91.4,critical,4,1
F059,91.3,critical,4,1
F796,91.0,critical,4,1
F1076,90.8,critical,4,1
F676,90.5,critical,4,1
F669,90.4,critical,4,1
F556,90.3,critical,4,1
F665,90.0,critical,4,1
F681,89.3,critical,4,1
F066,89.1,critical,4,1
F272,88.9,critical,4,1
F136,88.5,critical,4,1
F434,88.0,critical,4,1
F1466,88.0,critical,4,1
F780,87.9,critical,4,1
F679,87.6,critical,4,1
F1365,87.1,critical,4,1
F659,86.8,critical,4,1
F1202,86.0,critical,4,1
F1457,85.6,critical,4,1
F057,85.6,critical,4,1
F376,85.1,critical,4,1
F685,85.0,critical,4,1
F206,83.8,critical,4,1
F1064,83.3,critical,4,1
F1178,83.1,critical,4,1
F250,82.8,critical,4,1
F764,82.7,critical,4,1
F806,82.5,critical,4,1
F466,82.5,critical,4,1
F410,82.5,critical,4,1
F419,82.4,critical,4,1
F606,82.2,critical,4,1
F192,82.1,critical,4,1
F471,81.9,critical,4,1
F1182,81.8,critical,4,1
F281,81.3,critical,4,1
F1427,81.2,critical,4,1
F1219,81.0,critical,4,1
F590,80.9,critical,4,1
F409,80.6,critical,4,1
F1276,80.5,critical,4,1
F1335,80.3,critical,4,1
F1328,80.0,critical,4,1
F348,79.9,critical,4,1
F738,79.9,critical,4,1
F1092,79.8,critical,4,1
F743,79.6,critical,4,1
F931,79.4,critical,4,1
F130,79.1,critical,4,1
F1044,79.0,critical,4,1
F440,78.9,critical,4,1
F1495,78.7,critical,4,1
F149,78.7,critical,4,1
F884,78.6,critical,4,1
F1311,78.5,critical,4,1
F1222,77.7,critical,4,1
F730,77.4,critical,4,1
F457,77.2,critical,4,1
F1458,77.1,critical,4,1
F421,75.4,critical,4,1
F1447,75.4,critical,4,1
F1199,75.1,critical,4,1
F737,74.9,elevated,3,1
F001,74.9,elevated,3,1
F1300,74.7,elevated,3,1
F1355,74.5,elevated,3,1
F1297,74.3,elevated,3,1
F047,73.9,elevated,3,1
F414,73.4,elevated,3,1
F1188,73.3,elevated,3,1
F172,73.2,elevated,3,1
F1429,72.9,elevated,3,1
F1226,72.9,elevated,3,1
F048,72.8,elevated,3,1
F619,72.6,elevated,3,1
F650,72.5,elevated,3,1
F939,72.4,elevated,3,1
F1009,72.1,elevated,3,1
F1174,69.9,elevated,3,1
F503,69.5,elevated,3,1
F161,69.4,elevated,3,1
F707,69.4,elevated,3,1
F766,68.9,elevated,3,1
F1430,68.8,elevated,3,1
F1242,68.3,elevated,3,1
F1133,68.1,elevated,3,1
F1232,68.1,elevated,3,1
F1107,67.9,elevated,3,1
F1198,67.4,elevated,3,1
F1361,66.6,elevated,3,1
F1489,66.4,elevated,3,1
F680,66.4,elevated,3,1
F1189,66.3,elevated,3,1
F948,65.8,elevated,3,1
F399,65.6,elevated,3,1
F1262,65.2,elevated,3,1
F1081,65.2,elevated,3,1
F744,63.9,elevated,3,1
F455,63.8,elevated,3,1
F723,63.1,elevated,3,1
F913,62.6,elevated,3,1
F586,62.4,elevated,3,1
F1362,62.3,elevated,3,1
F336,61.9,elevated,3,1
F921,61.5,elevated,3,1
F186,61.0,elevated,3,1
F1268,60.9,elevated,3,1
F1412,60.4,elevated,3,1
F1158,60.0,elevated,3,1
F1367,59.5,elevated,3,1
F1424,59.5,elevated,3,1
F508,59.4,elevated,3,1
F1156,59.3,elevated,3,1
F1439,58.5,elevated,3,1
F366,58.0,elevated,3,1
F841,56.7,elevated,3,1
F981,56.7,elevated,3,1
F1325,56.4,elevated,3,1
F1359,56.1,elevated,3,1
F202,55.1,elevated,3,1
F910,55.1,elevated,3,1
F244,54.9,elevated,3,1
F930,54.7,elevated,3,1
F1004,54.3,elevated,3,1
F339,53.8,elevated,3,1
F231,52.0,elevated,3,1
F1483,51.9,elevated,3,1
F701,51.4,elevated,3,1
F1159,51.3,elevated,3,1
F961,51.0,elevated,3,1
F558,50.5,elevated,3,1
F1127,50.1,elevated,3,1
F597,50.0,moderate,2,1
F1024,49.4,moderate,2,1
F403,48.7,moderate,2,1
F541,48.2,moderate,2,1
F274,48.0,moderate,2,1
F719,47.9,moderate,2,1
F347,47.6,moderate,2,1
F1295,47.0,moderate,2,1
F908,46.8,moderate,2,1
F1285,45.2,moderate,2,1
F1144,44.9,moderate,2,1
F083,44.4,moderate,2,1
F1471,44.1,moderate,2,1
F1384,44.0,moderate,2,1
F907,43.3,moderate,2,1
F786,42.8,moderate,2,1
F627,42.2,moderate,2,1
F664,42.0,moderate,2,1
F724,42.0,moderate,2,1
F720,41.8,moderate,2,1
F1380,41.7,moderate,2,1
F124,40.6,moderate,2,1
F890,40.5,moderate,2,1
F1282,40.5,moderate,2,1
F238,40.1,moderate,2,1
F219,39.5,moderate,2,1
F1105,38.3,moderate,2,1
F1186,38.2,moderate,2,1
F1002,38.2,moderate,2,1
F182,38.2,moderate,2,1
F554,38.1,moderate,2,1
F1209,37.2,moderate,2,1
F1442,36.9,moderate,2,1
F152,35.9,moderate,2,1
F259,35.9,moderate,2,1
F1369,35.6,moderate,2,1
F935,35.3,moderate,2,1
F670,35.0,moderate,2,1
F1499,34.7,moderate,2,1
F129,34.3,moderate,2,1
F903,34.1,moderate,2,1
F226,34.0,moderate,2,1
F1091,33.9,moderate,2,1
F1269,33.8,moderate,2,1
F1386,33.7,moderate,2,1
F1347,33.6,moderate,2,1
F1265,33.6,moderate,2,1
F1284,33.4,moderate,2,1
F015,33.3,moderate,2,1
F357,33.3,moderate,2,1
F324,33.3,moderate,2,1
F1465,33.3,moderate,2,1
F1478,33.1,moderate,2,1
F831,33.1,moderate,2,1
F160,33.0,moderate,2,1
F076,32.4,moderate,2,1
F529,32.1,moderate,2,1
F1146,31.9,moderate,2,1
F289,31.8,moderate,2,1
F873,31.8,moderate,2,1
F1388,31.6,moderate,2,1
F277,31.2,moderate,2,1
F973,31.1,moderate,2,1
F1280,30.9,moderate,2,1
F196,30.9,moderate,2,1
F793,30.5,moderate,2,1
F1079,30.1,moderate,2,1
F468,29.5,moderate,2,1
F313,29.5,moderate,2,1
F1046,28.3,moderate,2,1
F818,28.3,moderate,2,1
F344,28.2,moderate,2,1
F1239,28.1,moderate,2,1
F120,28.0,moderate,2,1
F374,27.5,moderate,2,1
F087,27.4,moderate,2,1
F006,27.3,moderate,2,1
F1227,27.2,moderate,2,1
F363,27.1,moderate,2,1
F405,27.1,moderate,2,1
F1477,26.7,moderate,2,0
F1231,26.3,moderate,2,0
F587,26.0,moderate,2,0
F284,25.5,moderate,2,0
F1071,25.3,moderate,2,0
F242,25.2,moderate,2,0
F499,25.1,moderate,2,0
F367,25.0,moderate,2,0
F1149,25.0,moderate,2,0
F173,24.7,moderate,2,0
F783,24.6,moderate,2,0
F1385,24.4,moderate,2,0
F1476,24.3,moderate,2,0
F887,24.3,moderate,2,0
F150,24.3,moderate,2,0
F1381,24.2,moderate,2,0
F1117,23.5,moderate,2,0
F1453,23.5,moderate,2,0
F1139,23.4,moderate,2,0
F722,23.4,moderate,2,0
F759,23.2,moderate,2,0
F181,23.1,moderate,2,0
F706,23.0,moderate,2,0
F776,22.6,moderate,2,0
F708,22.5,moderate,2,0
F301,22.5,moderate,2,0
F638,22.4,moderate,2,0
F799,21.9,moderate,2,0
F808,21.8,moderate,2,0
F622,21.7,moderate,2,0
F061,21.6,moderate,2,0
F221,21.5,moderate,2,0
F918,21.5,moderate,2,0
F538,21.5,moderate,2,0
F237,21.3,moderate,2,0
F1443,21.2,moderate,2,0
F291,21.0,moderate,2,0
F309,20.9,moderate,2,0
F614,20.8,moderate,2,0
F655,20.8,moderate,2,0
F810,20.7,moderate,2,0
F749,20.7,moderate,2,0
F138,20.5,moderate,2,0
F335,20.3,moderate,2,0
F147,20.2,moderate,2,0
F673,20.2,moderate,2,0
F509,20.2,moderate,2,0
F879,20.1,moderate,2,0
F906,20.1,moderate,2,0
F187,19.7,low,1,0
F642,19.7,low,1,0
F071,19.6,low,1,0
F861,19.6,low,1,0
F815,19.5,low,1,0
F854,19.2,low,1,0
F629,19.2,low,1,0
F420,19.2,low,1,0
F197,19.1,low,1,0
F640,19.1,low,1,0
F1382,19.0,low,1,0
F450,19.0,low,1,0
F241,18.6,low,1,0
F643,18.5,low,1,0
F092,18.4,low,1,0
F860,18.3,low,1,0
F1342,18.0,low,1,0
F814,17.8,low,1,0
F739,17.8,low,1,0
F658,17.5,low,1,0
F1192,17.4,low,1,0
F1062,17.4,low,1,0
F303,17.3,low,1,0
F1409,16.8,low,1,0
F360,16.7,low,1,0
F912,16.6,low,1,0
F118,16.4,low,1,0
F778,16.2,low,1,0
F391,16.1,low,1,0
F1020,16.1,low,1,0
F127,16.0,low,1,0
F1136,15.8,low,1,0
F203,15.7,low,1,0
F109,15.6,low,1,0
F989,15.5,low,1,0
F1354,15.4,low,1,0
F343,15.4,low,1,0
F1147,15.3,low,1,0
F911,15.2,low,1,0
F1316,15.1,low,1,0
F917,15.1,low,1,0
F1116,15.0,low,1,0
F560,14.9,low,1,0
F682,14.7,low,1,0
F269,14.7,low,1,0
F155,14.6,low,1,0
F964,14.6,low,1,0
F792,14.6,low,1,0
F183,14.6,low,1,0
F135,14.5,low,1,0
F1364,14.4,low,1,0
F1056,14.4,low,1,0
F1494,14.3,low,1,0
F454,14.3,low,1,0
F991,14.3,low,1,0
F1319,14.2,low,1,0
F514,14.2,low,1,0
F096,14.2,low,1,0
F114,14.0,low,1,0
F628,14.0,low,1,0
F113,13.7,low,1,0
F536,13.6,low,1,0
F1021,13.6,low,1,0
F781,13.5,low,1,0
F591,13.5,low,1,0
F153,13.5,low,1,0
F191,13.5,low,1,0
F524,13.4,low,1,0
F1138,13.4,low,1,0
F1389,13.4,low,1,0
F094,13.3,low,1,0
F1275,13.3,low,1,0
F729,13.2,low,1,0
F1390,13.1,low,1,0
F1152,13.1,low,1,0
F581,13.1,low,1,0
F279,12.9,low,1,0
F115,12.9,low,1,0
F637,12.8,low,1,0
F1313,12.8,low,1,0
F872,12.7,low,1,0
F472,12.7,low,1,0
F695,12.7,low,1,0
F165,12.5,low,1,0
F1401,12.5,low,1,0
F394,12.4,low,1,0
F773,12.4,low,1,0
F430,12.3,low,1,0
F663,12.3,low,1,0
F227,12.1,low,1,0
F1408,12.1,low,1,0
F876,12.0,low,1,0
F356,12.0,low,1,0
F224,11.9,low,1,0
F1180,11.9,low,1,0
F519,11.9,low,1,0
F976,11.9,low,1,0
F1061,11.8,low,1,0
F1072,11.8,low,1,0
F201,11.7,low,1,0
F570,11.4,low,1,0
F451,11.4,low,1,0
F1246,11.3,low,1,0
F375,11.3,low,1,0
F1069,11.3,low,1,0
F142,11.2,low,1,0
F967,11.2,low,1,0
F072,11.1,low,1,0
F897,11.0,low,1,0
F1220,10.9,low,1,0
F1488,10.8,low,1,0
F653,10.7,low,1,0
F346,10.7,low,1,0
F925,10.6,low,1,0
F140,10.5,low,1,0
F1240,10.5,low,1,0
F1225,10.5,low,1,0
F307,10.5,low,1,0
F027,10.4,low,1,0
F582,10.4,low,1,0
F847,10.3,low,1,0
F252,10.3,low,1,0
F771,10.2,low,1,0
F1055,10.1,low,1,0
F649,10.1,low,1,0
F070,10.1,low,1,0
F353,10.0,low,1,0
F299,10.0,low,1,0
F919,9.8,low,1,0
F501,9.8,low,1,0
F198,9.8,low,1,0
F123,9.7,low,1,0
F1487,9.7,low,1,0
F371,9.6,low,1,0
F1224,9.6,low,1,0
F755,9.6,low,1,0
F893,9.6,low,1,0
F162,9.6,low,1,0
F688,9.6,low,1,0
F265,9.6,low,1,0
F1005,9.5,low,1,0
F1431,9.4,low,1,0
F193,9.3,low,1,0
F990,9.3,low,1,0
F474,9.2,low,1,0
F395,9.2,low,1,0
F476,9.2,low,1,0
F735,9.2,low,1,0
F802,9.1,low,1,0
F175,9.1,low,1,0
F1440,9.1,low,1,0
F1291,9.1,low,1,0
F727,9.0,low,1,0
F1045,9.0,low,1,0
F1121,8.9,low,1,0
F080,8.9,low,1,0
F797,8.9,low,1,0
F1151,8.8,low,1,0
F962,8.8,low,1,0
F064,8.7,low,1,0
F616,8.7,low,1,0
F1104,8.7,low,1,0
F280,8.6,low,1,0
F003,8.6,low,1,0
F1173,8.5,low,1,0
F573,8.5,low,1,0
F1215,8.5,low,1,0
F1155,8.4,low,1,0
F634,8.4,low,1,0
F671,8.4,low,1,0
F169,8.4,low,1,0
F1451,8.4,low,1,0
F789,8.4,low,1,0
F1122,8.3,low,1,0
F105,8.3,low,1,0
F1150,8.3,low,1,0
F1200,8.2,low,1,0
F763,8.2,low,1,0
F1278,8.1,low,1,0
F631,8.1,low,1,0
F859,8.0,low,1,0
F731,8.0,low,1,0
F754,8.0,low,1,0
F625,8.0,low,1,0
F320,8.0,low,1,0
F711,8.0,low,1,0
F1068,8.0,low,1,0
F1037,8.0,low,1,0
F319,7.9,low,1,0
F298,7.9,low,1,0
F520,7.8,low,1,0
F550,7.8,low,1,0
F1118,7.8,low,1,0
F437,7.8,low,1,0
F699,7.8,low,1,0
F018,7.8,low,1,0
F666,7.8,low,1,0
F286,7.8,low,1,0
F1169,7.7,low,1,0
F117,7.6,low,1,0
F078,7.6,low,1,0
F504,7.6,low,1,0
F139,7.5,low,1,0
F331,7.5,low,1,0
F1086,7.5,low,1,0
F937,7.5,low,1,0
F1422,7.5,low,1,0
F777,7.4,low,1,0
F1017,7.4,low,1,0
F636,7.4,low,1,0
F955,7.3,low,1,0
F579,7.3,low,1,0
F767,7.3,low,1,0
F549,7.3,low,1,0
F486,7.3,low,1,0
F1166,7.2,low,1,0
F1484,7.1,low,1,0
F1217,7.1,low,1,0
F1208,7.1,low,1,0
F453,7.1,low,1,0
F953,7.0,low,1,0
F869,7.0,low,1,0
F535,7.0,low,1,0
F416,6.9,low,1,0
F387,6.9,low,1,0
F732,6.9,low,1,0
F233,6.8,low,1,0
F1042,6.8,low,1,0
F212,6.8,low,1,0
F1237,6.8,low,1,0
F1250,6.8,low,1,0
F415,6.8,low,1,0
F310,6.8,low,1,0
F547,6.7,low,1,0
F302,6.7,low,1,0
F480,6.7,low,1,0
F1119,6.7,low,1,0
F1470,6.6,low,1,0
F617,6.6,low,1,0
F364,6.6,low,1,0
F1272,6.6,low,1,0
F621,6.5,low,1,0
F974,6.5,low,1,0
F345,6.4,low,1,0
F473,6.4,low,1,0
F988,6.4,low,1,0
F969,6.4,low,1,0
F1229,6.3,low,1,0
F383,6.3,low,1,0
F557,6.3,low,1,0
F552,6.2,low,1,0
F215,6.2,low,1,0
F465,6.2,low,1,0
F819,6.2,low,1,0
F490,6.2,low,1,0
F484,6.1,low,1,0
F1077,6.1,low,1,0
F1490,6.1,low,1,0
F1124,6.1,low,1,0
F431,6.0,low,1,0
F180,6.0,low,1,0
F1023,5.9,low,1,0
F1206,5.9,low,1,0
F1165,5.9,low,1,0
F868,5.9,low,1,0
F809,5.9,low,1,0
F1399,5.9,low,1,0
F678,5.9,low,1,0
F651,5.9,low,1,0
F380,5.8,low,1,0
F543,5.8,low,1,0
F481,5.8,low,1,0
F1497,5.7,low,1,0
F1115,5.7,low,1,0
F660,5.7,low,1,0
F500,5.7,low,1,0
F483,5.7,low,1,0
F144,5.7,low,1,0
F005,5.7,low,1,0
F243,5.7,low,1,0
F598,5.6,low,1,0
F436,5.6,low,1,0
F950,5.6,low,1,0
F684,5.6,low,1,0
F1293,5.6,low,1,0
F341,5.6,low,1,0
F314,5.6,low,1,0
F1391,5.6,low,1,0
F842,5.5,low,1,0
F852,5.5,low,1,0
F052,5.5,low,1,0
F321,5.5,low,1,0
F167,5.5,low,1,0
F977,5.5,low,1,0
F463,5.5,low,1,0
F1344,5.5,low,1,0
F429,5.4,low,1,0
F093,5.4,low,1,0
F013,5.4,low,1,0
F040,5.4,low,1,0
F978,5.4,low,1,0
F207,5.4,low,1,0
F522,5.4,low,1,0
F574,5.4,low,1,0
F826,5.3,low,1,0
F1376,5.3,low,1,0
F717,5.3,low,1,0
F1305,5.3,low,1,0
F308,5.3,low,1,0
F645,5.3,low,1,0
F1255,5.3,low,1,0
F885,5.2,low,1,0
F812,5.2,low,1,0
F932,5.2,low,1,0
F915,5.1,low,1,0
F427,5.1,low,1,0
F1073,5.1,low,1,0
F577,5.1,low,1,0
F1050,5.1,low,1,0
F975,5.1,low,1,0
F365,5.0,low,1,0
F966,5.0,low,1,0
F1143,5.0,low,1,0
F213,5.0,low,1,0
F1472,5.0,low,1,0
F1129,5.0,low,1,0
F1383,5.0,low,1,0
F1087,5.0,low,1,0
F145,5.0,low,1,0
F232,5.0,low,1,0
F1205,5.0,low,1,0
F413,5.0,low,1,0
F601,5.0,low,1,0
F1468,5.0,low,1,0
F495,4.9,low,1,0
F060,4.9,low,1,0
F498,4.9,low,1,0
F402,4.9,low,1,0
F850,4.9,low,1,0
F613,4.9,low,1,0
F600,4.9,low,1,0
F584,4.9,low,1,0
F833,4.9,low,1,0
F725,4.9,low,1,0
F1012,4.9,low,1,0
F470,4.9,low,1,0
F283,4.9,low,1,0
F1279,4.9,low,1,0
F1370,4.9,low,1,0
F705,4.9,low,1,0
F518,4.9,low,1,0
F1052,4.8,low,1,0
F1327,4.8,low,1,0
F1007,4.8,low,1,0
F1303,4.8,low,1,0
F1128,4.8,low,1,0
F132,4.8,low,1,0
F521,4.8,low,1,0
F1154,4.8,low,1,0
F085,4.8,low,1,0
F1102,4.7,low,1,0
F1348,4.7,low,1,0
F995,4.7,low,1,0
F079,4.6,low,1,0
F1043,4.6,low,1,0
F1109,4.6,low,1,0
F400,4.6,low,1,0
F971,4.6,low,1,0
F1244,4.6,low,1,0
F769,4.6,low,1,0
F675,4.6,low,1,0
F1371,4.6,low,1,0
F559,4.6,low,1,0
F306,4.6,low,1,0
F563,4.6,low,1,0
F171,4.6,low,1,0
F1452,4.5,low,1,0
F1445,4.5,low,1,0
F946,4.5,low,1,0
F1025,4.5,low,1,0
F1026,4.5,low,1,0
F526,4.5,low,1,0
F927,4.5,low,1,0
F551,4.4,low,1,0
F1330,4.4,low,1,0
F1321,4.4,low,1,0
F1266,4.4,low,1,0
F493,4.4,low,1,0
F853,4.4,low,1,0
F441,4.4,low,1,0
F103,4.4,low,1,0
F1035,4.3,low,1,0
F247,4.3,low,1,0
F1333,4.3,low,1,0
F002,4.3,low,1,0
F174,4.3,low,1,0
F1126,4.2,low,1,0
F957,4.2,low,1,0
F1267,4.2,low,1,0
F926,4.2,low,1,0
F1013,4.2,low,1,0
F195,4.2,low,1,0
F923,4.2,low,1,0
F116,4.2,low,1,0
F1400,4.2,low,1,0
F439,4.2,low,1,0
F362,4.2,low,1,0
F267,4.2,low,1,0
F1125,4.2,low,1,0
F1029,4.1,low,1,0
F287,4.1,low,1,0
F1034,4.1,low,1,0
F1041,4.1,low,1,0
F1318,4.1,low,1,0
F296,4.1,low,1,0
F424,4.1,low,1,0
F1113,4.1,low,1,0
F909,4.1,low,1,0
F1218,4.1,low,1,0
F101,4.1,low,1,0
F1098,4.1,low,1,0
F1177,4.1,low,1,0
F892,4.1,low,1,0
F025,4.1,low,1,0
F1100,4.0,low,1,0
F327,4.0,low,1,0
F022,4.0,low,1,0
F1137,4.0,low,1,0
F220,4.0,low,1,0
F065,4.0,low,1,0
F728,4.0,low,1,0
F185,4.0,low,1,0
F131,4.0,low,1,0
F943,3.9,low,1,0
F128,3.9,low,1,0
F107,3.9,low,1,0
F049,3.9,low,1,0
F741,3.9,low,1,0
F956,3.9,low,1,0
F217,3.8,low,1,0
F1120,3.8,low,1,0
F790,3.8,low,1,0
F527,3.8,low,1,0
F1196,3.8,low,1,0
F612,3.8,low,1,0
F863,3.8,low,1,0
F840,3.8,low,1,0
F1114,3.8,low,1,0
F067,3.8,low,1,0
F1236,3.8,low,1,0
F352,3.7,low,1,0
F824,3.7,low,1,0
F1033,3.7,low,1,0
F266,3.7,low,1,0
F1243,3.7,low,1,0
F1163,3.6,low,1,0
F349,3.5,low,1,0
F888,3.5,low,1,0
F1444,3.5,low,1,0
F1474,3.5,low,1,0
F1469,3.5,low,1,0
F1343,3.5,low,1,0
F1145,3.5,low,1,0
F045,3.4,low,1,0
F775,3.4,low,1,0
F204,3.4,low,1,0
F236,3.4,low,1,0
F945,3.4,low,1,0
F1194,3.4,low,1,0
F855,3.4,low,1,0
F940,3.4,low,1,0
F010,3.4,low,1,0
F326,3.4,low,1,0
F317,3.4,low,1,0
F143,3.4,low,1,0
F1191,3.4,low,1,0
F1187,3.4,low,1,0
F567,3.4,low,1,0
F987,3.4,low,1,0
F782,3.4,low,1,0
F889,3.3,low,1,0
F605,3.3,low,1,0
F894,3.3,low,1,0
F058,3.3,low,1,0
F1074,3.3,low,1,0
F108,3.3,low,1,0
F823,3.3,low,1,0
F340,3.3,low,1,0
F447,3.3,low,1,0
F1403,3.3,low,1,0
F1140,3.3,low,1,0
F523,3.3,low,1,0
F928,3.3,low,1,0
F513,3.3,low,1,0
F024,3.3,low,1,0
F050,3.2,low,1,0
F225,3.2,low,1,0
F772,3.2,low,1,0
F1428,3.2,low,1,0
F017,3.2,low,1,0
F021,3.2,low,1,0
F444,3.2,low,1,0
F1193,3.2,low,1,0
F1066,3.2,low,1,0
F986,3.2,low,1,0
F1264,3.2,low,1,0
F916,3.2,low,1,0
F200,3.1,low,1,0
F426,3.1,low,1,0
F657,3.1,low,1,0
F960,3.1,low,1,0
F456,3.1,low,1,0
F467,3.1,low,1,0
F008,3.1,low,1,0
F721,3.0,low,1,0
F1486,3.0,low,1,0
F1475,3.0,low,1,0
F1350,3.0,low,1,0
F121,3.0,low,1,0
F807,3.0,low,1,0
F980,3.0,low,1,0
F179,3.0,low,1,0
F762,3.0,low,1,0
F445,3.0,low,1,0
F630,3.0,low,1,0
F1210,3.0,low,1,0
F1461,3.0,low,1,0
F683,3.0,low,1,0
F235,3.0,low,1,0
F1245,3.0,low,1,0
F148,3.0,low,1,0
F534,3.0,low,1,0
F1294,2.9,low,1,0
F838,2.9,low,1,0
F817,2.9,low,1,0
F230,2.9,low,1,0
F205,2.9,low,1,0
F1016,2.9,low,1,0
F033,2.9,low,1,0
F1473,2.9,low,1,0
F608,2.9,low,1,0
F1197,2.9,low,1,0
F1258,2.9,low,1,0
F580,2.9,low,1,0
F406,2.9,low,1,0
F1171,2.9,low,1,0
F589,2.9,low,1,0
F545,2.9,low,1,0
F311,2.9,low,1,0
F858,2.8,low,1,0
F595,2.8,low,1,0
F571,2.8,low,1,0
F827,2.8,low,1,0
F1387,2.8,low,1,0
F1256,2.8,low,1,0
F654,2.8,low,1,0
F713,2.8,low,1,0
F583,2.8,low,1,0
F1320,2.8,low,1,0
F089,2.8,low,1,0
F942,2.8,low,1,0
F1309,2.7,low,1,0
F170,2.7,low,1,0
F292,2.7,low,1,0
F1047,2.7,low,1,0
F1306,2.7,low,1,0
F933,2.7,low,1,0
F662,2.7,low,1,0
F804,2.7,low,1,0
F1075,2.7,low,1,0
F864,2.7,low,1,0
F883,2.7,low,1,0
F588,2.7,low,1,0
F626,2.7,low,1,0
F539,2.7,low,1,0
F1434,2.7,low,1,0
F572,2.7,low,1,0
F641,2.6,low,1,0
F828,2.6,low,1,0
F056,2.6,low,1,0
F039,2.6,low,1,0
F035,2.6,low,1,0
F553,2.6,low,1,0
F710,2.6,low,1,0
F090,2.6,low,1,0
F1288,2.6,low,1,0
F530,2.6,low,1,0
F184,2.6,low,1,0
F1307,2.6,low,1,0
F635,2.6,low,1,0
F168,2.5,low,1,0
F1132,2.5,low,1,0
F1368,2.5,low,1,0
F899,2.5,low,1,0
F063,2.5,low,1,0
F537,2.5,low,1,0
F958,2.5,low,1,0
F646,2.5,low,1,0
F1111,2.5,low,1,0
F1230,2.5,low,1,0
F846,2.5,low,1,0
F1462,2.4,low,1,0
F886,2.4,low,1,0
F1234,2.4,low,1,0
F1426,2.4,low,1,0
F1286,2.4,low,1,0
F1022,2.4,low,1,0
F895,2.4,low,1,0
F1336,2.4,low,1,0
F1372,2.4,low,1,0
F1059,2.4,low,1,0
F1131,2.4,low,1,0
F1414,2.4,low,1,0
F1142,2.4,low,1,0
F1397,2.4,low,1,0
F1360,2.3,low,1,0
F044,2.3,low,1,0
F632,2.3,low,1,0
F623,2.3,low,1,0
F1254,2.3,low,1,0
F257,2.3,low,1,0
F816,2.3,low,1,0
F965,2.3,low,1,0
F428,2.3,low,1,0
F845,2.3,low,1,0
F1181,2.3,low,1,0
F803,2.3,low,1,0
F459,2.3,low,1,0
F188,2.3,low,1,0
F1038,2.3,low,1,0
F1375,2.3,low,1,0
F1283,2.3,low,1,0
F338,2.3,low,1,0
F1341,2.2,low,1,0
F073,2.2,low,1,0
F1493,2.2,low,1,0
F300,2.2,low,1,0
F983,2.2,low,1,0
F997,2.2,low,1,0
F784,2.2,low,1,0
F531,2.2,low,1,0
F690,2.2,low,1,0
F689,2.2,low,1,0
F952,2.2,low,1,0
F397,2.2,low,1,0
F624,2.2,low,1,0
F004,2.2,low,1,0
F1175,2.2,low,1,0
F516,2.2,low,1,0
F055,2.1,low,1,0
F874,2.1,low,1,0
F924,2.1,low,1,0
F1405,2.1,low,1,0
F947,2.1,low,1,0
F1420,2.1,low,1,0
F1407,2.1,low,1,0
F972,2.1,low,1,0
F1404,2.1,low,1,0
F1332,2.1,low,1,0
F263,2.1,low,1,0
F228,2.1,low,1,0
F214,2.1,low,1,0
F698,2.1,low,1,0
F748,2.1,low,1,0
F1014,2.1,low,1,0
F1048,2.1,low,1,0
F176,2.1,low,1,0
F1060,2.1,low,1,0
F1078,2.1,low,1,0
F316,2.1,low,1,0
F312,2.1,low,1,0
F602,2.1,low,1,0
F1108,2.1,low,1,0
F647,2.1,low,1,0
F393,2.1,low,1,0
F492,2.1,low,1,0
F1160,2.1,low,1,0
F1153,2.1,low,1,0
F477,2.1,low,1,0
F1000,2.0,low,1,0
F262,2.0,low,1,0
F1334,2.0,low,1,0
F1308,2.0,low,1,0
F359,2.0,low,1,0
F696,2.0,low,1,0
F1135,2.0,low,1,0
F494,2.0,low,1,0
F1259,2.0,low,1,0
F358,2.0,low,1,0
F1212,2.0,low,1,0
F370,2.0,low,1,0
F1298,2.0,low,1,0
F1040,2.0,low,1,0
F285,2.0,low,1,0
F867,2.0,low,1,0
F074,2.0,low,1,0
F1480,2.0,low,1,0
F565,2.0,low,1,0
F020,2.0,low,1,0
F1011,2.0,low,1,0
F752,2.0,low,1,0
F276,1.9,low,1,0
F1323,1.9,low,1,0
F351,1.9,low,1,0
F1261,1.9,low,1,0
F1039,1.9,low,1,0
F378,1.9,low,1,0
F528,1.9,low,1,0
F644,1.9,low,1,0
F1211,1.9,low,1,0
F1070,1.9,low,1,0
F422,1.9,low,1,0
F801,1.9,low,1,0
F278,1.9,low,1,0
F1019,1.9,low,1,0
F1331,1.9,low,1,0
F994,1.9,low,1,0
F578,1.9,low,1,0
F548,1.9,low,1,0
F1148,1.9,low,1,0
F462,1.9,low,1,0
F542,1.9,low,1,0
F1099,1.8,low,1,0
F433,1.8,low,1,0
F423,1.8,low,1,0
F1492,1.8,low,1,0
F1467,1.8,low,1,0
F389,1.8,low,1,0
F372,1.8,low,1,0
F1083,1.8,low,1,0
F412,1.8,low,1,0
F032,1.8,low,1,0
F1162,1.8,low,1,0
F1096,1.8,low,1,0
F1095,1.8,low,1,0
F271,1.8,low,1,0
F245,1.8,low,1,0
F178,1.8,low,1,0
F194,1.8,low,1,0
F1010,1.8,low,1,0
F1432,1.8,low,1,0
F813,1.8,low,1,0
F949,1.8,low,1,0
F1418,1.8,low,1,0
F1421,1.8,low,1,0
F1449,1.8,low,1,0
F1446,1.8,low,1,0
F871,1.8,low,1,0
F756,1.8,low,1,0
F260,1.8,low,1,0
F733,1.8,low,1,0
F1312,1.8,low,1,0
F934,1.7,low,1,0
F968,1.7,low,1,0
F757,1.7,low,1,0
F770,1.7,low,1,0
F822,1.7,low,1,0
F229,1.7,low,1,0
F1402,1.7,low,1,0
F821,1.7,low,1,0
F1110,1.7,low,1,0
F544,1.7,low,1,0
F1161,1.7,low,1,0
F009,1.7,low,1,0
F1491,1.7,low,1,0
F106,1.7,low,1,0
F862,1.7,low,1,0
F1221,1.7,low,1,0
F691,1.7,low,1,0
F388,1.7,low,1,0
F697,1.7,low,1,0
F656,1.7,low,1,0
F1281,1.7,low,1,0
F011,1.7,low,1,0
F489,1.7,low,1,0
F1248,1.6,low,1,0
F564,1.6,low,1,0
F620,1.6,low,1,0
F007,1.6,low,1,0
F1172,1.6,low,1,0
F507,1.6,low,1,0
F1164,1.6,low,1,0
F396,1.6,low,1,0
F648,1.6,low,1,0
F282,1.6,low,1,0
F294,1.6,low,1,0
F998,1.6,low,1,0
F870,1.6,low,1,0
F881,1.6,low,1,0
F151,1.6,low,1,0
F568,1.6,low,1,0
F1185,1.6,low,1,0
F693,1.6,low,1,0
F342,1.6,low,1,0
F355,1.6,low,1,0
F1287,1.6,low,1,0
F318,1.6,low,1,0
F1216,1.6,low,1,0
F368,1.6,low,1,0
F996,1.6,low,1,0
F734,1.6,low,1,0
F929,1.6,low,1,0
F1433,1.6,low,1,0
F111,1.6,low,1,0
F851,1.6,low,1,0
F068,1.6,low,1,0
F1416,1.6,low,1,0
F082,1.6,low,1,0
F051,1.5,low,1,0
F137,1.5,low,1,0
F1356,1.5,low,1,0
F275,1.5,low,1,0
F293,1.5,low,1,0
F290,1.5,low,1,0
F1392,1.5,low,1,0
F820,1.5,low,1,0
F856,1.5,low,1,0
F404,1.5,low,1,0
F661,1.5,low,1,0
F1213,1.5,low,1,0
F639,1.5,low,1,0
F1036,1.5,low,1,0
F1093,1.5,low,1,0
F443,1.5,low,1,0
F019,1.5,low,1,0
F449,1.5,low,1,0
F475,1.5,low,1,0
F1183,1.5,low,1,0
F585,1.5,low,1,0
F1203,1.5,low,1,0
F164,1.4,low,1,0
F435,1.4,low,1,0
F438,1.4,low,1,0
F891,1.4,low,1,0
F030,1.4,low,1,0
F599,1.4,low,1,0
F1134,1.4,low,1,0
F712,1.4,low,1,0
F425,1.4,low,1,0
F1097,1.4,low,1,0
F1214,1.4,low,1,0
F1054,1.4,low,1,0
F297,1.4,low,1,0
F251,1.4,low,1,0
F273,1.4,low,1,0
F1366,1.4,low,1,0
F716,1.4,low,1,0
F156,1.4,low,1,0
F1379,1.4,low,1,0
F210,1.4,low,1,0
F133,1.4,low,1,0
F1396,1.4,low,1,0
F098,1.4,low,1,0
F097,1.4,low,1,0
F1460,1.4,low,1,0
F1357,1.4,low,1,0
F1338,1.4,low,1,0
F1423,1.3,low,1,0
F077,1.3,low,1,0
F900,1.3,low,1,0
F1411,1.3,low,1,0
F1413,1.3,low,1,0
F125,1.3,low,1,0
F1049,1.3,low,1,0
F288,1.3,low,1,0
F1290,1.3,low,1,0
F159,1.3,low,1,0
F1352,1.3,low,1,0
F993,1.3,low,1,0
F234,1.3,low,1,0
F264,1.3,low,1,0
F1363,1.3,low,1,0
F1425,1.3,low,1,0
F896,1.3,low,1,0
F686,1.3,low,1,0
F1263,1.3,low,1,0
F1253,1.3,low,1,0
F381,1.3,low,1,0
F703,1.3,low,1,0
F407,1.3,low,1,0
F694,1.3,low,1,0
F1067,1.3,low,1,0
F668,1.3,low,1,0
F390,1.3,low,1,0
F1233,1.3,low,1,0
F1101,1.3,low,1,0
F1204,1.3,low,1,0
F464,1.3,low,1,0
F1123,1.3,low,1,0
F555,1.3,low,1,0
F1184,1.3,low,1,0
F540,1.3,low,1,0
F031,1.3,low,1,0
F016,1.3,low,1,0
F014,1.3,low,1,0
F054,1.2,low,1,0
F795,1.2,low,1,0
F1455,1.2,low,1,0
F460,1.2,low,1,0
F837,1.2,low,1,0
F1374,1.2,low,1,0
F479,1.2,low,1,0
F209,1.2,low,1,0
F1358,1.2,low,1,0
F240,1.2,low,1,0
F328,1.2,low,1,0
F1058,1.2,low,1,0
F1270,1.2,low,1,0
F1292,1.2,low,1,0
F254,1.2,low,1,0
F836,1.2,low,1,0
F373,1.2,low,1,0
F941,1.2,low,1,0
F1485,1.2,low,1,0
F914,1.2,low,1,0
F843,1.2,low,1,0
F742,1.2,low,1,0
F880,1.2,low,1,0
F1252,1.2,low,1,0
F270,1.2,low,1,0
F315,1.2,low,1,0
F1103,1.2,low,1,0
F218,1.2,low,1,0
F446,1.2,low,1,0
F562,1.2,low,1,0
F418,1.2,low,1,0
F1247,1.2,low,1,0
F811,1.1,low,1,0
F839,1.1,low,1,0
F041,1.1,low,1,0
F785,1.1,low,1,0
F141,1.1,low,1,0
F034,1.1,low,1,0
F146,1.1,low,1,0
F920,1.1,low,1,0
F878,1.1,low,1,0
F533,1.1,low,1,0
F517,1.1,low,1,0
F866,1.1,low,1,0
F102,1.1,low,1,0
F951,1.1,low,1,0
F758,1.1,low,1,0
F1065,1.1,low,1,0
F745,1.1,low,1,0
F325,1.1,low,1,0
F1349,1.1,low,1,0
F384,1.1,low,1,0
F805,1.1,low,1,0
F979,1.1,low,1,0
F532,1.1,low,1,0
F126,1.1,low,1,0
F1167,1.1,low,1,0
F081,1.1,low,1,0
F566,1.1,low,1,0
F779,1.1,low,1,0
F417,1.1,low,1,0
F1008,1.1,low,1,0
F1317,1.1,low,1,0
F765,1.1,low,1,0
F261,1.1,low,1,0
F832,1.1,low,1,0
F593,1.1,low,1,0
F432,1.1,low,1,0
F043,1.0,low,1,0
F084,1.0,low,1,0
F122,1.0,low,1,0
F177,1.0,low,1,0
F199,1.0,low,1,0
F189,1.0,low,1,0
F211,1.0,low,1,0
F970,1.0,low,1,0
F461,1.0,low,1,0
F1001,1.0,low,1,0
F1201,1.0,low,1,0
F1378,1.0,low,1,0
F857,1.0,low,1,0
F1394,1.0,low,1,0
F1340,1.0,low,1,0
F1346,1.0,low,1,0
F1351,1.0,low,1,0
F576,1.0,low,1,0
F1112,1.0,low,1,0
F369,1.0,low,1,0
F726,1.0,low,1,0
F768,1.0,low,1,0
F746,1.0,low,1,0
F747,1.0,low,1,0
F603,1.0,low,1,0
F800,1.0,low,1,0
F1089,1.0,low,1,0
F333,1.0,low,1,0
F305,1.0,low,1,0
F322,1.0,low,1,0
F323,1.0,low,1,0
F652,1.0,low,1,0
F100,1.0,low,1,0
F1448,1.0,low,1,0
F905,1.0,low,1,0
F1438,0.9,low,1,0
F1273,0.9,low,1,0
F354,0.9,low,1,0
F1057,0.9,low,1,0
F095,0.9,low,1,0
F672,0.9,low,1,0
F304,0.9,low,1,0
F1018,0.9,low,1,0
F1274,0.9,low,1,0
F1481,0.9,low,1,0
F099,0.9,low,1,0
F1479,0.9,low,1,0
F1301,0.9,low,1,0
F704,0.9,low,1,0
F1088,0.9,low,1,0
F709,0.9,low,1,0
F1085,0.9,low,1,0
F1084,0.9,low,1,0
F1223,0.9,low,1,0
F561,0.9,low,1,0
F442,0.9,low,1,0
F1326,0.9,low,1,0
F1415,0.9,low,1,0
F834,0.9,low,1,0
F954,0.9,low,1,0
F702,0.9,low,1,0
F718,0.9,low,1,0
F1395,0.9,low,1,0
F1170,0.9,low,1,0
F488,0.9,low,1,0
F525,0.9,low,1,0
F485,0.9,low,1,0
F163,0.9,low,1,0
F736,0.9,low,1,0
F714,0.8,low,1,0
F715,0.8,low,1,0
F1051,0.8,low,1,0
F882,0.8,low,1,0
F053,0.8,low,1,0
F515,0.8,low,1,0
F512,0.8,low,1,0
F506,0.8,low,1,0
F350,0.8,low,1,0
F1260,0.8,low,1,0
F877,0.8,low,1,0
F692,0.8,low,1,0
F902,0.8,low,1,0
F898,0.8,low,1,0
F936,0.8,low,1,0
F223,0.8,low,1,0
F190,0.8,low,1,0
F1345,0.8,low,1,0
F1141,0.8,low,1,0
F848,0.8,low,1,0
F1207,0.8,low,1,0
F1157,0.8,low,1,0
F505,0.8,low,1,0
F1456,0.8,low,1,0
F028,0.8,low,1,0
F012,0.8,low,1,0
F026,0.8,low,1,0
F615,0.8,low,1,0
F592,0.8,low,1,0
F037,0.8,low,1,0
F158,0.8,low,1,0
F1302,0.8,low,1,0
F1249,0.8,low,1,0
F798,0.8,low,1,0
F604,0.8,low,1,0
F253,0.8,low,1,0
F1329,0.8,low,1,0
F256,0.8,low,1,0
F959,0.8,low,1,0
F750,0.8,low,1,0
F610,0.8,low,1,0
F385,0.8,low,1,0
F110,0.8,low,1,0
F1314,0.8,low,1,0
F046,0.7,low,1,0
F875,0.7,low,1,0
F088,0.7,low,1,0
F157,0.7,low,1,0
F1454,0.7,low,1,0
F1464,0.7,low,1,0
F038,0.7,low,1,0
F482,0.7,low,1,0
F849,0.7,low,1,0
F478,0.7,low,1,0
F502,0.7,low,1,0
F166,0.7,low,1,0
F844,0.7,low,1,0
F448,0.7,low,1,0
F398,0.7,low,1,0
F992,0.7,low,1,0
F1053,0.7,low,1,0
F334,0.7,low,1,0
F361,0.7,low,1,0
F104,0.7,low,1,0
F511,0.7,low,1,0
F677,0.7,low,1,0
F1496,0.7,low,1,0
F999,0.7,low,1,0
F487,0.7,low,1,0
F112,0.7,low,1,0
F1324,0.7,low,1,0
F618,0.7,low,1,0
F835,0.7,low,1,0
F1032,0.7,low,1,0
F633,0.7,low,1,0
F609,0.7,low,1,0
F258,0.7,low,1,0
F700,0.7,low,1,0
F1228,0.7,low,1,0
F1190,0.7,low,1,0
F042,0.6,low,1,0
F154,0.6,low,1,0
F134,0.6,low,1,0
F222,0.6,low,1,0
F1168,0.6,low,1,0
F938,0.6,low,1,0
F1419,0.6,low,1,0
F069,0.6,low,1,0
F1450,0.6,low,1,0
F086,0.6,low,1,0
F1435,0.6,low,1,0
F944,0.6,low,1,0
F208,0.6,low,1,0
F1459,0.6,low,1,0
F452,0.6,low,1,0
F239,0.6,low,1,0
F1015,0.6,low,1,0
F1322,0.6,low,1,0
F1257,0.6,low,1,0
F1238,0.6,low,1,0
F1241,0.6,low,1,0
F268,0.6,low,1,0
F295,0.6,low,1,0
F829,0.6,low,1,0
F1417,0.6,low,1,0
F392,0.6,low,1,0
F751,0.6,low,1,0
F469,0.6,low,1,0
F830,0.6,low,1,0
F379,0.6,low,1,0
F963,0.6,low,1,0
F458,0.6,low,1,0
F1080,0.5,low,1,0
F740,0.5,low,1,0
F922,0.5,low,1,0
F1437,0.5,low,1,0
F901,0.5,low,1,0
F904,0.5,low,1,0
F119,0.5,low,1,0
F1031,0.5,low,1,0
F1094,0.5,low,1,0
F1299,0.5,low,1,0
F255,0.5,low,1,0
F1310,0.5,low,1,0
F1410,0.5,low,1,0
F1028,0.5,low,1,0
F1030,0.5,low,1,0
F382,0.5,low,1,0
F607,0.5,low,1,0
F1106,0.5,low,1,0
F667,0.5,low,1,0
F825,0.5,low,1,0
F575,0.5,low,1,0
F596,0.5,low,1,0
F1082,0.5,low,1,0
F249,0.5,low,1,0
F411,0.5,low,1,0
F611,0.5,low,1,0
F1195,0.5,low,1,0
F246,0.5,low,1,0
F569,0.5,low,1,0
F985,0.5,low,1,0
F036,0.5,low,1,0
F510,0.4,low,1,0
F1398,0.4,low,1,0
F1393,0.4,low,1,0
F1337,0.4,low,1,0
F774,0.4,low,1,0
F1377,0.4,low,1,0
F982,0.4,low,1,0
F787,0.4,low,1,0
F1006,0.4,low,1,0
F1353,0.4,low,1,0
F1339,0.4,low,1,0
F1235,0.4,low,1,0
F865,0.4,low,1,0
F1090,0.4,low,1,0
F377,0.4,low,1,0
F1271,0.4,low,1,0
F1277,0.4,low,1,0
F329,0.4,low,1,0
F1027,0.4,low,1,0
F1176,0.4,low,1,0
F546,0.4,low,1,0
F023,0.4,low,1,0
F1482,0.4,low,1,0
F497,0.4,low,1,0
F491,0.4,low,1,0
F401,0.4,low,1,0
F1406,0.3,low,1,0
F062,0.3,low,1,0
F1130,0.3,low,1,0
F386,0.3,low,1,0
F1003,0.3,low,1,0
F984,0.3,low,1,0
F794,0.3,low,1,0
F1373,0.3,low,1,0
F753,0.3,low,1,0
F1500,0.3,low,1,0
F1441,0.3,low,1,0
F594,0.3,low,1,0
F1251,0.3,low,1,0
F1289,0.3,low,1,0
F761,0.3,low,1,0
F1063,0.3,low,1,0
F674,0.3,low,1,0
F788,0.2,low,1,0
F1463,0.2,low,1,0
F1498,0.2,low,1,0
F1296,0.2,low,1,0
F687,0.2,low,1,0
F091,0.2,low,1,0
F1179,0.2,low,1,0
F1436,0.2,low,1,0
