meter_id,anomaly_score,investigation_flag,priority_tier
M02909,100.0,1,critical
M01666,98.5,1,critical
M01862,97.2,1,critical
M00725,94.5,1,critical
M00629,94.2,1,critical
M01433,93.2,1,critical
M01075,92.7,1,critical
M01107,91.9,1,critical
M00074,91.5,1,critical
M02364,91.4,1,critical
M01753,91.3,1,critical
M02833,90.8,1,critical
M01513,89.7,1,critical
M01113,89.4,1,critical
M01707,89.2,1,critical
M01610,89.1,1,critical
M00653,88.9,1,critical
M02711,88.8,1,critical
M00475,87.7,1,critical
M02260,87.6,1,critical
M02708,87.4,1,critical
M02233,87.0,1,critical
M02376,86.8,1,critical
M02266,86.8,1,critical
M00931,86.5,1,critical
M01493,86.2,1,critical
M00655,86.2,1,critical
M02610,86.1,1,critical
M01435,86.1,1,critical
M01774,86.0,1,critical
M01881,85.8,1,critical
M00869,85.7,1,critical
M00882,85.1,1,critical
M01128,85.1,1,critical
M02583,85.0,1,elevated
M01626,85.0,1,elevated
M02477,84.8,1,elevated
M00356,84.7,1,elevated
M01274,84.6,1,elevated
M02440,84.2,1,elevated
M00623,84.2,1,elevated
M02918,83.9,1,elevated
M01584,83.4,1,elevated
M02083,83.3,1,elevated
M00508,83.1,1,elevated
M01213,83.1,1,elevated
M00299,83.0,1,elevated
M01452,82.4,1,elevated
M00603,82.1,1,elevated
M00328,82.1,1,elevated
M01278,81.7,1,elevated
M01913,81.7,1,elevated
M02947,81.6,1,elevated
M00431,81.6,1,elevated
M02595,81.5,1,elevated
M01114,81.4,1,elevated
M00611,81.3,1,elevated
M02077,80.9,1,elevated
M00450,80.9,1,elevated
M02906,80.8,1,elevated
M01599,80.8,1,elevated
M01064,80.8,1,elevated
M01139,80.7,1,elevated
M01942,80.6,1,elevated
M01838,80.3,1,elevated
M02012,79.9,1,elevated
M00648,79.8,1,elevated
M02295,79.8,1,elevated
M00509,79.6,1,elevated
M00077,79.5,1,elevated
M02181,79.4,1,elevated
M00306,79.4,1,elevated
M02161,79.2,1,elevated
M01093,79.1,1,elevated
M00081,79.1,1,elevated
M01005,79.1,1,elevated
M00028,79.1,1,elevated
M02615,79.0,1,elevated
M01688,79.0,1,elevated
M02008,78.8,1,elevated
M01787,78.7,1,elevated
M02169,78.5,1,elevated
M00167,78.5,1,elevated
M01172,78.3,1,elevated
M01802,78.1,1,elevated
M01958,78.1,1,elevated
M02625,78.0,1,elevated
M01340,77.8,1,elevated
M01470,77.7,1,elevated
M01575,77.6,1,elevated
M00184,77.4,1,elevated
M01067,77.3,1,elevated
M00072,77.2,1,elevated
M01158,77.2,1,elevated
M01922,77.1,1,elevated
M02344,77.0,1,elevated
M01509,76.9,1,elevated
M00155,76.6,1,elevated
M00049,76.2,1,elevated
M02154,76.0,1,elevated
M01168,75.9,1,elevated
M00292,75.8,1,elevated
M01063,75.8,1,elevated
M00883,75.7,1,elevated
M00881,75.7,1,elevated
M01277,75.5,1,elevated
M01004,75.2,1,elevated
M02667,75.0,1,elevated
M02876,74.9,1,elevated
M01786,74.7,1,elevated
M01402,74.2,1,elevated
M01300,74.2,1,elevated
M01624,74.0,1,elevated
M00935,73.9,1,elevated
M02044,73.9,1,elevated
M01148,73.7,1,elevated
M02816,73.6,1,elevated
M01505,73.5,1,elevated
M00211,73.4,1,elevated
M02246,73.4,1,elevated
M02744,73.3,1,elevated
M02834,73.3,1,elevated
M01664,73.2,1,elevated
M00366,73.2,1,elevated
M02139,73.1,1,elevated
M01560,73.0,1,elevated
M00257,73.0,1,elevated
M00086,73.0,1,elevated
M01057,72.9,1,elevated
M00477,72.9,1,elevated
M00678,72.8,1,elevated
M01447,72.7,1,elevated
M01713,72.7,1,elevated
M02069,72.7,1,elevated
M00610,72.4,1,elevated
M00893,72.2,1,elevated
M00054,72.2,1,elevated
M01425,71.9,1,elevated
M00141,71.8,1,elevated
M01501,71.8,1,elevated
M02195,71.7,1,elevated
M01731,71.6,1,elevated
M01542,71.6,1,elevated
M00322,71.6,1,elevated
M01417,71.5,1,elevated
M00818,71.5,1,elevated
M00255,71.4,1,elevated
M00104,71.2,1,elevated
M02875,70.8,1,elevated
M00481,70.7,1,elevated
M01916,70.3,1,elevated
M02286,70.3,1,elevated
M01991,70.3,1,elevated
M00440,70.2,1,elevated
M02658,70.1,1,elevated
M01176,69.9,1,elevated
M01537,69.8,1,elevated
M02980,69.8,1,elevated
M01855,69.8,1,elevated
M00169,69.6,1,elevated
M02347,69.6,1,elevated
M01137,69.5,1,elevated
M00020,69.5,1,elevated
M00375,69.5,1,elevated
M00920,69.5,1,elevated
M02489,69.4,1,elevated
M01695,69.2,1,elevated
M02084,69.2,1,elevated
M01697,69.2,1,elevated
M01326,69.1,1,elevated
M02094,69.0,1,elevated
M00942,69.0,1,elevated
M00961,68.8,1,elevated
M02304,68.8,1,elevated
M00712,68.6,1,elevated
M02305,68.5,1,elevated
M01405,68.2,1,elevated
M01127,68.0,1,elevated
M00944,67.9,1,elevated
M01054,67.9,1,elevated
M00874,67.8,1,elevated
M00502,67.7,1,elevated
M00485,67.6,1,elevated
M01868,67.5,1,elevated
M02045,67.5,1,elevated
M02256,67.5,1,elevated
M00911,67.4,1,elevated
M02849,67.4,1,elevated
M02104,67.2,1,elevated
M02454,67.1,1,elevated
M02507,67.1,1,elevated
M00606,67.0,1,elevated
M01889,66.8,1,elevated
M01147,66.8,1,elevated
M01267,66.7,1,elevated
M00841,66.5,1,elevated
M00710,66.5,1,elevated
M02179,66.5,1,elevated
M00504,66.3,1,elevated
M01711,66.3,1,elevated
M02287,66.2,1,elevated
M00079,66.2,1,elevated
M01150,66.1,1,elevated
M01491,66.1,1,elevated
M01105,66.0,1,elevated
M01080,66.0,1,elevated
M01008,66.0,1,elevated
M00305,65.9,1,elevated
M01705,65.9,1,elevated
M01771,65.9,1,elevated
M02940,65.8,1,elevated
M01817,65.7,1,elevated
M02900,65.6,1,elevated
M01886,65.5,1,elevated
M00532,65.5,1,elevated
M02894,65.4,1,elevated
M02194,65.1,1,elevated
M00090,65.1,1,elevated
M00890,65.0,1,moderate
M00172,65.0,1,moderate
M00304,65.0,1,moderate
M02741,64.9,1,moderate
M00379,64.9,1,moderate
M01976,64.8,1,moderate
M00316,64.6,1,moderate
M01132,64.5,1,moderate
M00472,64.2,1,moderate
M01734,64.1,1,moderate
M00932,64.0,1,moderate
M01856,63.8,1,moderate
M00016,63.8,1,moderate
M02548,63.8,1,moderate
M00133,63.7,1,moderate
M02769,63.6,1,moderate
M00962,63.5,1,moderate
M00119,63.4,1,moderate
M00491,63.4,1,moderate
M01639,63.3,1,moderate
M01764,63.2,1,moderate
M00235,63.1,1,moderate
M01276,63.0,0,moderate
M01818,62.9,0,moderate
M01271,62.9,0,moderate
M02668,62.9,0,moderate
M02577,62.9,0,moderate
M01141,62.9,0,moderate
M01805,62.8,0,moderate
M00738,62.7,0,moderate
M00924,62.3,0,moderate
M02953,62.3,0,moderate
M01877,62.3,0,moderate
M01546,62.2,0,moderate
M01159,62.2,0,moderate
M02262,62.1,0,moderate
M02156,61.9,0,moderate
M01331,61.8,0,moderate
M02023,61.8,0,moderate
M00137,61.7,0,moderate
M02098,61.7,0,moderate
M01432,61.7,0,moderate
M01767,61.7,0,moderate
M00135,61.6,0,moderate
M02110,61.5,0,moderate
M02899,61.5,0,moderate
M01931,61.5,0,moderate
M00681,61.4,0,moderate
M00860,61.3,0,moderate
M02637,61.3,0,moderate
M01901,61.1,0,moderate
M02808,61.1,0,moderate
M01396,61.1,0,moderate
M00196,60.9,0,moderate
M01406,60.6,0,moderate
M00726,60.5,0,moderate
M01924,60.4,0,moderate
M01378,60.4,0,moderate
M01854,60.4,0,moderate
M02205,60.4,0,moderate
M02674,60.3,0,moderate
M01649,60.0,0,moderate
M01778,59.9,0,moderate
M01072,59.8,0,moderate
M01399,59.7,0,moderate
M00333,59.7,0,moderate
M01412,59.5,0,moderate
M00397,59.5,0,moderate
M02967,59.4,0,moderate
M00645,59.4,0,moderate
M02613,59.4,0,moderate
M00974,59.4,0,moderate
M01461,59.4,0,moderate
M00810,59.3,0,moderate
M00332,59.2,0,moderate
M02916,59.1,0,moderate
M02079,59.1,0,moderate
M02679,59.1,0,moderate
M00367,59.1,0,moderate
M02896,59.0,0,moderate
M00933,59.0,0,moderate
M01665,58.9,0,moderate
M01062,58.8,0,moderate
M02128,58.8,0,moderate
M00540,58.7,0,moderate
M01758,58.6,0,moderate
M00117,58.6,0,moderate
M00164,58.4,0,moderate
M02989,58.3,0,moderate
M01633,58.1,0,moderate
M00006,58.1,0,moderate
M02770,58.1,0,moderate
M00461,58.1,0,moderate
M02587,57.8,0,moderate
M01203,57.8,0,moderate
M02384,57.6,0,moderate
M01850,57.5,0,moderate
M02636,57.1,0,moderate
M01258,57.0,0,moderate
M00182,56.8,0,moderate
M01313,56.8,0,moderate
M01690,56.7,0,moderate
M01768,56.7,0,moderate
M00486,56.7,0,moderate
M00470,56.5,0,moderate
M00905,56.3,0,moderate
M01748,56.3,0,moderate
M01917,56.1,0,moderate
M01887,56.0,0,moderate
M02088,56.0,0,moderate
M01288,55.7,0,moderate
M02277,55.7,0,moderate
M00272,55.6,0,moderate
M01084,55.5,0,moderate
M00338,55.5,0,moderate
M01424,55.5,0,moderate
M01992,55.4,0,moderate
M02388,55.3,0,moderate
M00323,55.2,0,moderate
M01179,55.2,0,moderate
M01440,55.0,0,moderate
M02437,55.0,0,moderate
M00190,55.0,0,moderate
M00858,55.0,0,moderate
M00902,55.0,0,moderate
M01957,54.9,0,moderate
M02166,54.8,0,moderate
M02294,54.8,0,moderate
M02415,54.7,0,moderate
M02453,54.7,0,moderate
M01184,54.5,0,moderate
M00526,54.5,0,moderate
M00377,54.4,0,moderate
M01160,54.4,0,moderate
M02796,54.2,0,moderate
M00402,53.9,0,moderate
M01858,53.8,0,moderate
M01422,53.8,0,moderate
M01853,53.8,0,moderate
M00221,53.8,0,moderate
M02071,53.8,0,moderate
M02436,53.6,0,moderate
M01252,53.6,0,moderate
M02913,53.4,0,moderate
M02118,53.4,0,moderate
M02196,53.2,0,moderate
M00813,53.2,0,moderate
M00587,53.0,0,moderate
M01642,52.8,0,moderate
M01912,52.8,0,moderate
M02321,52.7,0,moderate
M00733,52.7,0,moderate
M01597,52.6,0,moderate
M02373,52.6,0,moderate
M00125,52.2,0,moderate
M00511,51.8,0,moderate
M02758,51.8,0,moderate
M02485,51.8,0,moderate
M02557,51.7,0,moderate
M00572,51.6,0,moderate
M00398,51.4,0,moderate
M01314,51.4,0,moderate
M02488,51.4,0,moderate
M01187,51.3,0,moderate
M00907,51.3,0,moderate
M00004,51.2,0,moderate
M01928,51.1,0,moderate
M01279,51.1,0,moderate
M02357,51.1,0,moderate
M02802,51.0,0,moderate
M02145,51.0,0,moderate
M01678,51.0,0,moderate
M02153,50.9,0,moderate
M01842,50.9,0,moderate
M00516,50.7,0,moderate
M01594,50.5,0,moderate
M01552,50.5,0,moderate
M00747,50.5,0,moderate
M02882,50.4,0,moderate
M01804,50.3,0,moderate
M02177,50.3,0,moderate
M00109,50.3,0,moderate
M01163,50.2,0,moderate
M02143,50.2,0,moderate
M01286,50.2,0,moderate
M00148,50.1,0,moderate
M01893,50.1,0,moderate
M01799,50.0,0,moderate
M02621,49.7,0,moderate
M00964,49.5,0,moderate
M00260,49.4,0,moderate
M02340,49.3,0,moderate
M02064,49.2,0,moderate
M00762,49.2,0,moderate
M02242,49.0,0,moderate
M00001,49.0,0,moderate
M02240,48.9,0,moderate
M02374,48.9,0,moderate
M02455,48.8,0,moderate
M00831,48.8,0,moderate
M01349,48.5,0,moderate
M00404,48.4,0,moderate
M01566,48.4,0,moderate
M02691,48.3,0,moderate
M00425,48.2,0,moderate
M01474,48.1,0,moderate
M01553,48.1,0,moderate
M02772,48.1,0,moderate
M02666,48.0,0,moderate
M02629,48.0,0,moderate
M01426,47.8,0,moderate
M02350,47.8,0,moderate
M02774,47.7,0,moderate
M01967,47.7,0,moderate
M02977,47.7,0,moderate
M00686,47.5,0,moderate
M01656,47.4,0,moderate
M02531,47.4,0,moderate
M00999,47.3,0,moderate
M01515,47.3,0,moderate
M02354,47.2,0,moderate
M02523,47.1,0,moderate
M02592,47.1,0,moderate
M01373,47.1,0,moderate
M00797,47.1,0,moderate
M01571,47.0,0,moderate
M02504,47.0,0,moderate
M01819,47.0,0,moderate
M01411,46.9,0,moderate
M02349,46.9,0,moderate
M01449,46.9,0,moderate
M01742,46.9,0,moderate
M02480,46.8,0,moderate
M01290,46.6,0,moderate
M00023,46.4,0,moderate
M00631,46.3,0,moderate
M02836,46.2,0,moderate
M02706,46.2,0,moderate
M00274,46.2,0,moderate
M00381,46.0,0,moderate
M00418,46.0,0,moderate
M02004,45.7,0,moderate
M02035,45.6,0,moderate
M02832,45.6,0,moderate
M02414,45.5,0,moderate
M00415,45.5,0,moderate
M00091,45.4,0,moderate
M02066,45.4,0,moderate
M00815,45.4,0,moderate
M02897,45.3,0,moderate
M00175,45.3,0,moderate
M02793,45.3,0,moderate
M01459,45.2,0,moderate
M00524,45.2,0,moderate
M00617,45.2,0,moderate
M00157,45.0,0,moderate
M01010,44.9,0,moderate
M02823,44.9,0,moderate
M01333,44.8,0,moderate
M00568,44.7,0,moderate
M01586,44.7,0,moderate
M00523,44.7,0,moderate
M02202,44.7,0,moderate
M00403,44.6,0,moderate
M01996,44.6,0,moderate
M01358,44.5,0,moderate
M00553,44.5,0,moderate
M00731,44.5,0,moderate
M00105,44.4,0,moderate
M01706,44.4,0,moderate
M00089,44.3,0,moderate
M01952,44.2,0,moderate
M00430,44.1,0,moderate
M02235,44.0,0,moderate
M00700,44.0,0,moderate
M00877,43.9,0,moderate
M01471,43.9,0,moderate
M01875,43.8,0,moderate
M00925,43.8,0,moderate
M01710,43.8,0,moderate
M01269,43.6,0,moderate
M02134,43.6,0,moderate
M02475,43.5,0,moderate
M01641,43.2,0,moderate
M00888,43.2,0,moderate
M02479,43.1,0,moderate
M00120,43.0,0,moderate
M02285,43.0,0,moderate
M02150,43.0,0,moderate
M01844,42.9,0,moderate
M00943,42.9,0,moderate
M02791,42.8,0,moderate
M01149,42.8,0,moderate
M02920,42.7,0,moderate
M00210,42.7,0,moderate
M02325,42.7,0,moderate
M00954,42.6,0,moderate
M00719,42.5,0,moderate
M00842,42.5,0,moderate
M00996,42.5,0,moderate
M00741,42.5,0,moderate
M00053,42.4,0,moderate
M02965,42.4,0,moderate
M02363,42.3,0,moderate
M00946,42.3,0,moderate
M02446,42.2,0,moderate
M01694,42.2,0,moderate
M02076,42.0,0,moderate
M00031,41.9,0,moderate
M01698,41.8,0,moderate
M01215,41.8,0,moderate
M00825,41.7,0,moderate
M00115,41.7,0,moderate
M00600,41.6,0,moderate
M02748,41.6,0,moderate
M02220,41.5,0,moderate
M02722,41.5,0,moderate
M00846,41.4,0,moderate
M02730,41.4,0,moderate
M02188,41.4,0,moderate
M00269,41.2,0,moderate
M02903,41.2,0,moderate
M00441,41.2,0,moderate
M02526,41.2,0,moderate
M02820,41.0,0,moderate
M00080,40.9,0,moderate
M02125,40.9,0,moderate
M01246,40.8,0,moderate
M00666,40.7,0,moderate
M01254,40.7,0,moderate
M01463,40.7,0,moderate
M02639,40.6,0,moderate
M02546,40.6,0,moderate
M02015,40.6,0,moderate
M01826,40.6,0,moderate
M02754,40.4,0,moderate
M02634,40.4,0,moderate
M02747,40.2,0,moderate
M00605,40.0,0,low
M02944,39.9,0,low
M01302,39.9,0,low
M01250,39.8,0,low
M02313,39.8,0,low
M01157,39.7,0,low
M01211,39.7,0,low
M00283,39.7,0,low
M00646,39.7,0,low
M00209,39.6,0,low
M01812,39.6,0,low
M01401,39.6,0,low
M02898,39.5,0,low
M02318,39.5,0,low
M01660,39.5,0,low
M00229,39.5,0,low
M01266,39.4,0,low
M02197,39.4,0,low
M01339,39.4,0,low
M00510,39.3,0,low
M00163,39.3,0,low
M02864,39.2,0,low
M01284,39.2,0,low
M00136,39.1,0,low
M00429,39.1,0,low
M02508,39.0,0,low
M01109,39.0,0,low
M01860,39.0,0,low
M00408,38.9,0,low
M02049,38.9,0,low
M00259,38.9,0,low
M00191,38.8,0,low
M02877,38.8,0,low
M02861,38.8,0,low
M02738,38.7,0,low
M01722,38.6,0,low
M01794,38.5,0,low
M01895,38.4,0,low
M02443,38.4,0,low
M01504,38.4,0,low
M02638,38.2,0,low
M02654,38.2,0,low
M02021,38.1,0,low
M02561,37.9,0,low
M01458,37.9,0,low
M01499,37.9,0,low
M01869,37.8,0,low
M02739,37.8,0,low
M02365,37.8,0,low
M00694,37.8,0,low
M01792,37.6,0,low
M01980,37.6,0,low
M01554,37.6,0,low
M01100,37.6,0,low
M00682,37.5,0,low
M02990,37.5,0,low
M02031,37.4,0,low
M00711,37.4,0,low
M00065,37.3,0,low
M00186,37.1,0,low
M02760,37.0,0,low
M00697,37.0,0,low
M00412,36.9,0,low
M00273,36.9,0,low
M00959,36.9,0,low
M02742,36.8,0,low
M02355,36.7,0,low
M01788,36.6,0,low
M00975,36.5,0,low
M02693,36.5,0,low
M01259,36.5,0,low
M00010,36.5,0,low
M00803,36.5,0,low
M01555,36.5,0,low
M01096,36.4,0,low
M00501,36.4,0,low
M01709,36.4,0,low
M01820,36.4,0,low
M01204,36.3,0,low
M00214,36.2,0,low
M00765,36.2,0,low
M01368,36.2,0,low
M00349,36.1,0,low
M00423,36.1,0,low
M01454,36.0,0,low
M00071,35.9,0,low
M02720,35.9,0,low
M00340,35.9,0,low
M00171,35.9,0,low
M00965,35.8,0,low
M02391,35.7,0,low
M00376,35.5,0,low
M00696,35.4,0,low
M01243,35.4,0,low
M00220,35.3,0,low
M01489,35.3,0,low
M00922,35.2,0,low
M02227,35.2,0,low
M02506,35.1,0,low
M01728,35.1,0,low
M02406,34.9,0,low
M00474,34.9,0,low
M01335,34.8,0,low
M01821,34.8,0,low
M00555,34.7,0,low
M00529,34.6,0,low
M00619,34.6,0,low
M02594,34.5,0,low
M02148,34.5,0,low
M01672,34.5,0,low
M01068,34.4,0,low
M01740,34.4,0,low
M02737,34.4,0,low
M01716,34.3,0,low
M01287,34.3,0,low
M00955,34.1,0,low
M01574,34.1,0,low
M01083,34.0,0,low
M02109,34.0,0,low
M02324,34.0,0,low
M02316,34.0,0,low
M01609,34.0,0,low
M00871,33.9,0,low
M01133,33.9,0,low
M00549,33.9,0,low
M00997,33.8,0,low
M01735,33.8,0,low
M01170,33.8,0,low
M02430,33.7,0,low
M00822,33.7,0,low
M00615,33.6,0,low
M01242,33.6,0,low
M00575,33.5,0,low
M00957,33.5,0,low
M02401,33.4,0,low
M02718,33.3,0,low
M01908,33.3,0,low
M02914,33.3,0,low
M02140,33.3,0,low
M01230,33.2,0,low
M01442,33.2,0,low
M00581,33.1,0,low
M01235,33.0,0,low
M01385,33.0,0,low
M00512,32.9,0,low
M02207,32.9,0,low
M01126,32.9,0,low
M02245,32.9,0,low
M02518,32.9,0,low
M02650,32.8,0,low
M01480,32.8,0,low
M00936,32.8,0,low
M00934,32.7,0,low
M00394,32.7,0,low
M00687,32.6,0,low
M00556,32.6,0,low
M02586,32.6,0,low
M01623,32.6,0,low
M02553,32.5,0,low
M01755,32.5,0,low
M01578,32.4,0,low
M01871,32.4,0,low
M00178,32.4,0,low
M02432,32.4,0,low
M02095,32.4,0,low
M00592,32.3,0,low
M00093,32.3,0,low
M01281,32.2,0,low
M00819,32.2,0,low
M00793,32.1,0,low
M01446,32.1,0,low
M00383,32.1,0,low
M00904,32.0,0,low
M01110,31.9,0,low
M02189,31.9,0,low
M02707,31.9,0,low
M02011,31.8,0,low
M01145,31.7,0,low
M01783,31.7,0,low
M00329,31.7,0,low
M01070,31.7,0,low
M01667,31.7,0,low
M01661,31.6,0,low
M02203,31.6,0,low
M00291,31.5,0,low
M01903,31.5,0,low
M00608,31.4,0,low
M02652,31.4,0,low
M01635,31.4,0,low
M02089,31.4,0,low
M02226,31.3,0,low
M00022,31.2,0,low
M00011,31.2,0,low
M02596,31.1,0,low
M01189,31.1,0,low
M01598,31.0,0,low
M01240,31.0,0,low
M00239,31.0,0,low
M00952,30.9,0,low
M00808,30.7,0,low
M00967,30.7,0,low
M01904,30.7,0,low
M01809,30.5,0,low
M02874,30.5,0,low
M00951,30.5,0,low
M01453,30.5,0,low
M01078,30.5,0,low
M00680,30.4,0,low
M00539,30.3,0,low
M00473,30.3,0,low
M00752,30.3,0,low
M01241,30.2,0,low
M01227,30.1,0,low
M02519,30.1,0,low
M00530,30.1,0,low
M01986,30.1,0,low
M02602,30.1,0,low
M02459,30.1,0,low
M01773,30.0,0,low
M01079,30.0,0,low
M00534,29.9,0,low
M02964,29.9,0,low
M01613,29.9,0,low
M01528,29.9,0,low
M01965,29.8,0,low
M01438,29.8,0,low
M01190,29.8,0,low
M02960,29.7,0,low
M01878,29.7,0,low
M02973,29.7,0,low
M02232,29.6,0,low
M02043,29.6,0,low
M01052,29.5,0,low
M00228,29.5,0,low
M00827,29.4,0,low
M01124,29.4,0,low
M00130,29.4,0,low
M02858,29.2,0,low
M01415,29.2,0,low
M01797,29.2,0,low
M00515,29.2,0,low
M01655,29.2,0,low
M01430,29.2,0,low
M00718,29.1,0,low
M01845,29.1,0,low
M01984,29.1,0,low
M00976,29.1,0,low
M00188,29.1,0,low
M02108,29.1,0,low
M02311,29.1,0,low
M01264,29.1,0,low
M00609,29.1,0,low
M00732,29.0,0,low
M00683,29.0,0,low
M00576,29.0,0,low
M00225,29.0,0,low
M02612,28.9,0,low
M01167,28.9,0,low
M02278,28.9,0,low
M02565,28.9,0,low
M01032,28.9,0,low
M02932,28.8,0,low
M02952,28.8,0,low
M02168,28.8,0,low
M01683,28.8,0,low
M02954,28.8,0,low
M01427,28.8,0,low
M01303,28.6,0,low
M00457,28.6,0,low
M00219,28.6,0,low
M00875,28.5,0,low
M01323,28.5,0,low
M00205,28.5,0,low
M01231,28.5,0,low
M01311,28.4,0,low
M01685,28.4,0,low
M02276,28.4,0,low
M00983,28.3,0,low
M00009,28.3,0,low
M00774,28.3,0,low
M01627,28.3,0,low
M02719,28.2,0,low
M01487,28.2,0,low
M02809,28.2,0,low
M02568,28.2,0,low
M01689,28.2,0,low
M00839,28.1,0,low
M01746,28.1,0,low
M01090,28.1,0,low
M00723,28.1,0,low
M02968,28.1,0,low
M02705,28.0,0,low
M00650,28.0,0,low
M01514,27.9,0,low
M01803,27.9,0,low
M00901,27.9,0,low
M02574,27.9,0,low
M00029,27.8,0,low
M00249,27.8,0,low
M02486,27.8,0,low
M01367,27.8,0,low
M01890,27.8,0,low
M01381,27.8,0,low
M02753,27.7,0,low
M02470,27.6,0,low
M00513,27.6,0,low
M02082,27.5,0,low
M01037,27.5,0,low
M00772,27.5,0,low
M01622,27.4,0,low
M00777,27.4,0,low
M00040,27.4,0,low
M02685,27.4,0,low
M01007,27.4,0,low
M01431,27.4,0,low
M01423,27.4,0,low
M02670,27.4,0,low
M02790,27.3,0,low
M00372,27.3,0,low
M00232,27.3,0,low
M02087,27.3,0,low
M02934,27.2,0,low
M02560,27.2,0,low
M02726,27.2,0,low
M01747,27.2,0,low
M01059,27.2,0,low
M01336,27.2,0,low
M00424,27.2,0,low
M02624,27.1,0,low
M01320,27.0,0,low
M01484,27.0,0,low
M02801,26.9,0,low
M02780,26.9,0,low
M01648,26.9,0,low
M00521,26.9,0,low
M02929,26.8,0,low
M01712,26.8,0,low
M00941,26.8,0,low
M00969,26.7,0,low
M00779,26.7,0,low
M01603,26.7,0,low
M01015,26.7,0,low
M01188,26.6,0,low
M01345,26.6,0,low
M02547,26.6,0,low
M00194,26.6,0,low
M02178,26.5,0,low
M00275,26.5,0,low
M02865,26.4,0,low
M02157,26.4,0,low
M00018,26.4,0,low
M01322,26.3,0,low
M00794,26.3,0,low
M00314,26.3,0,low
M01682,26.2,0,low
M01556,26.2,0,low
M02826,26.2,0,low
M00639,26.2,0,low
M01208,26.2,0,low
M01312,26.1,0,low
M01757,26.1,0,low
M00559,26.1,0,low
M01503,26.0,0,low
M00847,26.0,0,low
M02803,26.0,0,low
M00251,25.9,0,low
M00848,25.9,0,low
M01966,25.9,0,low
M01751,25.9,0,low
M00616,25.9,0,low
M02979,25.9,0,low
M00271,25.8,0,low
M02813,25.8,0,low
M01441,25.7,0,low
M00451,25.7,0,low
M00979,25.7,0,low
M01852,25.7,0,low
M01848,25.6,0,low
M01829,25.5,0,low
M02863,25.5,0,low
M02224,25.5,0,low
M00320,25.3,0,low
M00863,25.3,0,low
M00787,25.3,0,low
M00756,25.2,0,low
M00770,25.2,0,low
M01522,25.2,0,low
M01069,25.2,0,low
M01371,25.1,0,low
M01726,25.1,0,low
M02320,25.1,0,low
M00069,25.0,0,low
M00124,25.0,0,low
M00454,25.0,0,low
M02386,25.0,0,low
M00799,25.0,0,low
M01512,25.0,0,low
M01929,25.0,0,low
M02972,24.9,0,low
M00590,24.9,0,low
M01272,24.9,0,low
M01138,24.9,0,low
M00437,24.9,0,low
M00262,24.9,0,low
M00912,24.9,0,low
M02851,24.9,0,low
M02010,24.9,0,low
M00416,24.8,0,low
M01619,24.8,0,low
M00150,24.8,0,low
M02740,24.8,0,low
M00098,24.7,0,low
M00123,24.7,0,low
M02735,24.7,0,low
M02372,24.7,0,low
M02768,24.7,0,low
M01885,24.7,0,low
M02180,24.6,0,low
M01490,24.6,0,low
M00766,24.6,0,low
M02789,24.6,0,low
M02797,24.6,0,low
M02198,24.5,0,low
M02503,24.5,0,low
M01327,24.4,0,low
M01403,24.4,0,low
M02296,24.3,0,low
M00667,24.3,0,low
M01347,24.3,0,low
M01572,24.3,0,low
M02248,24.2,0,low
M02263,24.2,0,low
M00542,24.1,0,low
M02417,24.1,0,low
M00313,24.1,0,low
M02887,24.1,0,low
M01743,24.1,0,low
M01180,24.0,0,low
M00160,24.0,0,low
M01161,24.0,0,low
M01091,23.9,0,low
M01896,23.9,0,low
M00030,23.9,0,low
M00036,23.9,0,low
M02423,23.9,0,low
M01679,23.8,0,low
M02828,23.8,0,low
M02859,23.7,0,low
M00840,23.6,0,low
M00103,23.5,0,low
M01941,23.5,0,low
M02500,23.5,0,low
M00325,23.4,0,low
M02788,23.4,0,low
M02002,23.3,0,low
M00613,23.3,0,low
M00727,23.3,0,low
M00795,23.3,0,low
M02310,23.2,0,low
M00145,23.2,0,low
M02060,23.2,0,low
M02099,23.2,0,low
M01632,23.2,0,low
M00319,23.1,0,low
M00658,23.1,0,low
M01974,23.1,0,low
M00100,23.1,0,low
M00759,23.1,0,low
M00027,23.0,0,low
M02661,23.0,0,low
M02779,22.9,0,low
M00021,22.9,0,low
M00992,22.9,0,low
M02997,22.9,0,low
M01789,22.9,0,low
M01951,22.8,0,low
M02420,22.8,0,low
M00851,22.8,0,low
M00541,22.8,0,low
M00917,22.7,0,low
M00140,22.7,0,low
M01414,22.7,0,low
M01956,22.7,0,low
M02022,22.6,0,low
M02409,22.6,0,low
M00548,22.6,0,low
M00991,22.6,0,low
M01094,22.6,0,low
M01022,22.6,0,low
M02116,22.6,0,low
M00101,22.6,0,low
M00037,22.5,0,low
M01472,22.5,0,low
M01882,22.5,0,low
M02483,22.5,0,low
M00388,22.5,0,low
M00679,22.4,0,low
M02456,22.4,0,low
M02837,22.4,0,low
M00754,22.4,0,low
M00593,22.4,0,low
M02573,22.3,0,low
M00749,22.3,0,low
M00642,22.3,0,low
M01593,22.3,0,low
M00264,22.3,0,low
M01834,22.3,0,low
M02400,22.3,0,low
M02653,22.2,0,low
M02717,22.2,0,low
M00519,22.2,0,low
M00393,22.2,0,low
M01228,22.1,0,low
M01099,22.1,0,low
M02795,22.0,0,low
M01238,22.0,0,low
M01270,22.0,0,low
M00566,22.0,0,low
M01946,22.0,0,low
M00536,22.0,0,low
M00033,22.0,0,low
M00326,21.9,0,low
M02300,21.9,0,low
M02842,21.9,0,low
M02572,21.9,0,low
M02677,21.9,0,low
M00742,21.9,0,low
M00764,21.9,0,low
M01659,21.9,0,low
M02403,21.9,0,low
M00134,21.8,0,low
M01369,21.8,0,low
M01363,21.8,0,low
M01467,21.8,0,low
M02869,21.8,0,low
M00823,21.8,0,low
M01902,21.8,0,low
M02158,21.8,0,low
M02501,21.8,0,low
M00892,21.8,0,low
M01305,21.7,0,low
M00370,21.7,0,low
M01540,21.7,0,low
M01995,21.7,0,low
M01164,21.6,0,low
M02298,21.6,0,low
M02136,21.6,0,low
M02958,21.6,0,low
M02681,21.6,0,low
M00993,21.6,0,low
M01745,21.5,0,low
M02880,21.5,0,low
M00748,21.5,0,low
M00728,21.5,0,low
M00024,21.5,0,low
M02998,21.5,0,low
M02216,21.4,0,low
M01953,21.4,0,low
M01994,21.3,0,low
M02236,21.3,0,low
M02935,21.3,0,low
M01725,21.2,0,low
M02961,21.2,0,low
M02281,21.2,0,low
M02283,21.1,0,low
M02211,21.1,0,low
M00310,21.1,0,low
M00352,21.1,0,low
M01990,21.1,0,low
M00715,21.0,0,low
M00278,21.0,0,low
M02680,20.9,0,low
M02062,20.9,0,low
M00223,20.9,0,low
M00342,20.9,0,low
M00788,20.9,0,low
M02379,20.9,0,low
M02034,20.8,0,low
M00344,20.8,0,low
M02885,20.8,0,low
M01763,20.8,0,low
M02945,20.8,0,low
M02588,20.8,0,low
M01044,20.8,0,low
M02570,20.8,0,low
M02160,20.8,0,low
M01393,20.8,0,low
M01376,20.7,0,low
M01914,20.7,0,low
M01169,20.7,0,low
M01448,20.7,0,low
M00189,20.7,0,low
M02502,20.6,0,low
M02622,20.6,0,low
M02732,20.5,0,low
M00094,20.5,0,low
M00460,20.5,0,low
M02457,20.5,0,low
M00483,20.5,0,low
M00063,20.5,0,low
M02656,20.5,0,low
M00435,20.5,0,low
M00829,20.5,0,low
M00296,20.5,0,low
M00347,20.4,0,low
M01181,20.4,0,low
M00208,20.4,0,low
M00248,20.4,0,low
M01338,20.4,0,low
M00464,20.4,0,low
M02853,20.3,0,low
M01088,20.3,0,low
M02593,20.3,0,low
M02356,20.3,0,low
M02835,20.3,0,low
M00003,20.3,0,low
M00913,20.3,0,low
M00706,20.2,0,low
M01517,20.2,0,low
M00867,20.2,0,low
M00268,20.1,0,low
M01851,20.1,0,low
M00121,20.1,0,low
M00127,20.1,0,low
M00345,20.1,0,low
M02030,20.1,0,low
M02649,20.1,0,low
M01155,20.1,0,low
M01483,20.1,0,low
M00409,20.0,0,low
M02917,20.0,0,low
M02870,20.0,0,low
M02230,20.0,0,low
M02840,20.0,0,low
M02992,20.0,0,low
M00716,19.9,0,low
M00647,19.9,0,low
M02606,19.9,0,low
M01224,19.9,0,low
M01122,19.9,0,low
M01782,19.9,0,low
M02427,19.8,0,low
M00035,19.8,0,low
M00206,19.8,0,low
M02765,19.8,0,low
M01518,19.8,0,low
M00596,19.8,0,low
M01686,19.8,0,low
M00789,19.7,0,low
M02185,19.7,0,low
M02623,19.6,0,low
M01299,19.6,0,low
M02632,19.6,0,low
M01681,19.6,0,low
M02562,19.6,0,low
M02328,19.6,0,low
M00743,19.6,0,low
M00761,19.6,0,low
M02697,19.6,0,low
M02778,19.6,0,low
M00410,19.6,0,low
M01932,19.5,0,low
M01938,19.5,0,low
M00977,19.5,0,low
M02771,19.5,0,low
M02529,19.5,0,low
M02371,19.4,0,low
M01775,19.4,0,low
M02036,19.4,0,low
M01192,19.4,0,low
M01640,19.3,0,low
M02293,19.3,0,low
M00670,19.3,0,low
M02787,19.3,0,low
M01714,19.3,0,low
M00439,19.3,0,low
M02028,19.3,0,low
M02766,19.3,0,low
M02056,19.3,0,low
M00244,19.2,0,low
M01342,19.2,0,low
M02102,19.2,0,low
M02019,19.2,0,low
M00897,19.2,0,low
M02736,19.2,0,low
M02776,19.2,0,low
M02942,19.2,0,low
M00092,19.2,0,low
M01001,19.1,0,low
M01372,19.1,0,low
M02499,19.1,0,low
M01668,19.1,0,low
M00180,19.1,0,low
M01295,19.1,0,low
M00112,19.1,0,low
M02375,19.1,0,low
M02149,19.1,0,low
M01251,19.1,0,low
M00656,19.1,0,low
M02290,19.1,0,low
M02164,19.0,0,low
M01568,19.0,0,low
M02955,19.0,0,low
M01076,19.0,0,low
M02326,19.0,0,low
M02038,19.0,0,low
M02814,19.0,0,low
M00230,18.9,0,low
M01538,18.9,0,low
M02659,18.9,0,low
M02907,18.9,0,low
M01897,18.9,0,low
M02308,18.9,0,low
M01723,18.9,0,low
M01585,18.8,0,low
M02530,18.8,0,low
M00745,18.8,0,low
M00165,18.8,0,low
M00746,18.8,0,low
M00289,18.8,0,low
M01550,18.7,0,low
M02491,18.7,0,low
M00348,18.7,0,low
M00047,18.7,0,low
M00346,18.7,0,low
M02130,18.7,0,low
M00635,18.7,0,low
M02535,18.7,0,low
M00859,18.7,0,low
M01808,18.7,0,low
M02250,18.7,0,low
M00547,18.7,0,low
M00884,18.7,0,low
M01328,18.6,0,low
M01036,18.6,0,low
M02847,18.6,0,low
M00002,18.6,0,low
M02539,18.6,0,low
M00641,18.6,0,low
M00950,18.5,0,low
M02694,18.5,0,low
M01294,18.5,0,low
M02873,18.5,0,low
M00253,18.5,0,low
M00926,18.5,0,low
M00083,18.4,0,low
M02951,18.4,0,low
M00721,18.4,0,low
M00327,18.4,0,low
M00359,18.4,0,low
M01247,18.4,0,low
M02850,18.4,0,low
M01049,18.4,0,low
M01400,18.4,0,low
M01849,18.4,0,low
M00826,18.4,0,low
M00159,18.4,0,low
M02883,18.4,0,low
M00369,18.3,0,low
M02309,18.3,0,low
M00238,18.3,0,low
M00651,18.3,0,low
M00384,18.3,0,low
M01174,18.3,0,low
M02905,18.3,0,low
M00459,18.3,0,low
M02413,18.3,0,low
M00561,18.3,0,low
M00763,18.2,0,low
M02651,18.2,0,low
M01600,18.2,0,low
M01524,18.2,0,low
M01297,18.2,0,low
M02170,18.2,0,low
M01404,18.2,0,low
M02811,18.2,0,low
M02407,18.1,0,low
M01407,18.1,0,low
M02555,18.1,0,low
M02330,18.1,0,low
M01801,18.1,0,low
M00243,18.1,0,low
M02381,18.0,0,low
M02675,18.0,0,low
M01171,18.0,0,low
M01029,18.0,0,low
M01262,18.0,0,low
M02258,18.0,0,low
M00445,18.0,0,low
M00095,17.9,0,low
M01002,17.9,0,low
M02767,17.9,0,low
M02514,17.9,0,low
M00654,17.9,0,low
M02800,17.9,0,low
M01828,17.9,0,low
M02395,17.9,0,low
M00013,17.8,0,low
M01162,17.8,0,low
M00082,17.8,0,low
M00782,17.8,0,low
M02467,17.8,0,low
M00181,17.8,0,low
M01749,17.8,0,low
M00386,17.8,0,low
M01815,17.7,0,low
M02908,17.7,0,low
M00203,17.7,0,low
M02962,17.7,0,low
M01268,17.7,0,low
M02419,17.7,0,low
M00915,17.7,0,low
M00778,17.7,0,low
M02042,17.7,0,low
M02452,17.7,0,low
M02155,17.7,0,low
M02346,17.6,0,low
M00231,17.6,0,low
M02591,17.6,0,low
M01905,17.6,0,low
M01071,17.6,0,low
M00282,17.6,0,low
M00293,17.6,0,low
M00476,17.6,0,low
M01591,17.6,0,low
M01724,17.6,0,low
M01006,17.5,0,low
M01766,17.5,0,low
M00173,17.5,0,low
M00290,17.4,0,low
M02323,17.4,0,low
M00110,17.4,0,low
M02991,17.4,0,low
M01131,17.3,0,low
M02521,17.3,0,low
M00358,17.3,0,low
M02086,17.3,0,low
M00250,17.3,0,low
M00114,17.3,0,low
M01533,17.3,0,low
M01112,17.3,0,low
M02241,17.3,0,low
M02751,17.2,0,low
M00659,17.2,0,low
M01807,17.2,0,low
M01142,17.1,0,low
M02103,17.1,0,low
M00758,17.1,0,low
M00414,17.1,0,low
M00354,17.1,0,low
M02238,17.1,0,low
M02581,17.1,0,low
M00722,17.1,0,low
M02532,17.0,0,low
M01016,17.0,0,low
M01867,17.0,0,low
M01750,17.0,0,low
M02390,17.0,0,low
M02743,17.0,0,low
M02057,17.0,0,low
M01927,16.9,0,low
M02121,16.9,0,low
M02274,16.9,0,low
M02037,16.9,0,low
M00066,16.9,0,low
M01332,16.9,0,low
M00497,16.8,0,low
M00361,16.8,0,low
M02312,16.8,0,low
M02359,16.8,0,low
M00380,16.8,0,low
M02698,16.8,0,low
M00116,16.8,0,low
M00026,16.8,0,low
M01972,16.8,0,low
M02434,16.8,0,low
M02270,16.8,0,low
M01359,16.7,0,low
M01615,16.7,0,low
M02418,16.7,0,low
M01087,16.7,0,low
M01700,16.7,0,low
M00007,16.7,0,low
M01298,16.7,0,low
M02081,16.7,0,low
M01486,16.7,0,low
M01839,16.6,0,low
M00785,16.6,0,low
M01260,16.6,0,low
M02890,16.6,0,low
M00564,16.6,0,low
M00985,16.6,0,low
M02701,16.6,0,low
M02458,16.6,0,low
M02138,16.5,0,low
M01508,16.5,0,low
M02200,16.5,0,low
M02394,16.5,0,low
M01652,16.5,0,low
M02533,16.5,0,low
M00351,16.5,0,low
M00833,16.5,0,low
M02627,16.5,0,low
M01500,16.5,0,low
M01245,16.5,0,low
M00567,16.5,0,low
M01899,16.5,0,low
M01959,16.5,0,low
M00059,16.4,0,low
M01198,16.4,0,low
M00970,16.4,0,low
M02441,16.4,0,low
M00554,16.4,0,low
M02135,16.4,0,low
M00701,16.4,0,low
M00261,16.4,0,low
M02872,16.4,0,low
M01135,16.4,0,low
M01960,16.3,0,low
M02699,16.3,0,low
M02662,16.3,0,low
M02343,16.3,0,low
M02468,16.3,0,low
M01729,16.3,0,low
M02806,16.3,0,low
M01906,16.3,0,low
M02307,16.2,0,low
M00963,16.2,0,low
M01907,16.2,0,low
M02839,16.2,0,low
M02746,16.2,0,low
M02112,16.2,0,low
M02938,16.2,0,low
M00735,16.2,0,low
M02798,16.2,0,low
M02984,16.2,0,low
M01050,16.2,0,low
M02522,16.1,0,low
M01636,16.1,0,low
M02845,16.1,0,low
M02844,16.1,0,low
M00517,16.1,0,low
M01950,16.1,0,low
M01144,16.1,0,low
M00202,16.1,0,low
M02447,16.1,0,low
M02176,16.1,0,low
M02700,16.0,0,low
M00321,16.0,0,low
M01292,16.0,0,low
M00844,16.0,0,low
M00126,16.0,0,low
M00247,16.0,0,low
M02904,16.0,0,low
M01418,16.0,0,low
M01926,15.9,0,low
M02943,15.9,0,low
M00420,15.9,0,low
M01395,15.9,0,low
M01437,15.9,0,low
M02855,15.9,0,low
M02297,15.9,0,low
M00043,15.9,0,low
M00768,15.8,0,low
M01523,15.8,0,low
M01721,15.8,0,low
M00308,15.8,0,low
M00032,15.8,0,low
M01525,15.8,0,low
M02567,15.8,0,low
M02075,15.7,0,low
M02983,15.7,0,low
M02714,15.7,0,low
M00685,15.7,0,low
M00690,15.7,0,low
M02255,15.7,0,low
M02922,15.7,0,low
M00215,15.7,0,low
M02538,15.7,0,low
M02358,15.7,0,low
M02616,15.7,0,low
M01248,15.7,0,low
M00850,15.7,0,low
M02921,15.7,0,low
M00500,15.6,0,low
M01888,15.6,0,low
M01443,15.6,0,low
M00240,15.6,0,low
M02994,15.6,0,low
M00688,15.6,0,low
M01199,15.5,0,low
M02288,15.5,0,low
M02301,15.5,0,low
M02175,15.5,0,low
M00363,15.5,0,low
M02757,15.5,0,low
M02433,15.4,0,low
M02931,15.4,0,low
M02040,15.4,0,low
M01392,15.4,0,low
M00490,15.4,0,low
M01186,15.4,0,low
M01781,15.4,0,low
M00422,15.3,0,low
M01156,15.3,0,low
M02725,15.3,0,low
M01226,15.3,0,low
M00522,15.3,0,low
M00571,15.3,0,low
M00919,15.3,0,low
M01596,15.3,0,low
M00773,15.3,0,low
M01030,15.3,0,low
M00866,15.3,0,low
M01307,15.2,0,low
M01969,15.2,0,low
M02727,15.2,0,low
M00449,15.2,0,low
M01460,15.2,0,low
M00337,15.1,0,low
M02745,15.1,0,low
M01304,15.1,0,low
M02292,15.1,0,low
M00854,15.1,0,low
M02336,15.1,0,low
M01699,15.1,0,low
M01730,15.1,0,low
M01628,15.1,0,low
M00139,15.1,0,low
M02366,15.1,0,low
M02101,15.1,0,low
M00604,15.1,0,low
M01718,15.1,0,low
M02141,15.0,0,low
M02055,15.0,0,low
M00582,15.0,0,low
M01557,15.0,0,low
M01670,15.0,0,low
M00015,15.0,0,low
M02472,15.0,0,low
M02563,15.0,0,low
M00341,15.0,0,low
M01428,15.0,0,low
M02784,15.0,0,low
M02702,15.0,0,low
M01309,14.9,0,low
M01595,14.9,0,low
M02370,14.9,0,low
M02058,14.9,0,low
M02513,14.9,0,low
M02867,14.9,0,low
M02854,14.9,0,low
M00270,14.9,0,low
M00350,14.9,0,low
M02335,14.8,0,low
M01143,14.8,0,low
M01387,14.8,0,low
M00224,14.8,0,low
M02607,14.8,0,low
M02026,14.8,0,low
M00801,14.8,0,low
M01216,14.8,0,low
M02408,14.8,0,low
M01182,14.8,0,low
M02571,14.8,0,low
M00012,14.8,0,low
M00055,14.7,0,low
M00073,14.7,0,low
M00805,14.7,0,low
M02665,14.7,0,low
M01979,14.7,0,low
M00618,14.7,0,low
M02893,14.7,0,low
M00195,14.7,0,low
M02924,14.7,0,low
M01861,14.7,0,low
M00676,14.6,0,low
M00947,14.6,0,low
M02673,14.6,0,low
M02493,14.6,0,low
M00994,14.6,0,low
M01353,14.6,0,low
M01918,14.6,0,low
M01863,14.6,0,low
M02327,14.6,0,low
M01545,14.5,0,low
M00097,14.5,0,low
M00873,14.5,0,low
M02425,14.5,0,low
M01047,14.5,0,low
M01025,14.5,0,low
M00147,14.5,0,low
M01760,14.5,0,low
M00496,14.5,0,low
M02966,14.5,0,low
M00227,14.5,0,low
M00693,14.5,0,low
M00034,14.4,0,low
M02001,14.4,0,low
M00887,14.4,0,low
M01152,14.4,0,low
M01197,14.4,0,low
M01737,14.4,0,low
M02688,14.4,0,low
M00632,14.4,0,low
M02174,14.4,0,low
M02190,14.4,0,low
M00507,14.4,0,low
M01592,14.3,0,low
M02422,14.3,0,low
M02716,14.3,0,low
M00730,14.3,0,low
M00671,14.3,0,low
M02085,14.3,0,low
M01236,14.2,0,low
M01892,14.2,0,low
M00146,14.2,0,low
M00064,14.2,0,low
M01009,14.2,0,low
M02777,14.2,0,low
M00444,14.2,0,low
M01351,14.2,0,low
M01035,14.2,0,low
M00057,14.2,0,low
M02956,14.2,0,low
M00129,14.1,0,low
M02052,14.1,0,low
M02773,14.1,0,low
M02093,14.1,0,low
M01346,14.1,0,low
M01130,14.0,0,low
M00387,14.0,0,low
M02329,14.0,0,low
M02678,14.0,0,low
M00242,14.0,0,low
M01837,14.0,0,low
M02749,14.0,0,low
M01397,14.0,0,low
M00569,14.0,0,low
M00518,14.0,0,low
M02303,14.0,0,low
M02975,13.9,0,low
M02146,13.9,0,low
M01354,13.9,0,low
M01621,13.9,0,low
M00252,13.9,0,low
M01362,13.9,0,low
M01457,13.9,0,low
M02046,13.9,0,low
M01752,13.9,0,low
M00183,13.9,0,low
M02829,13.9,0,low
M02345,13.9,0,low
M02879,13.9,0,low
M02860,13.9,0,low
M01102,13.9,0,low
M01943,13.8,0,low
M01151,13.8,0,low
M01662,13.8,0,low
M01894,13.8,0,low
M02505,13.8,0,low
M01391,13.8,0,low
M01121,13.8,0,low
M01293,13.8,0,low
M01702,13.8,0,low
M00099,13.8,0,low
M00528,13.8,0,low
M02218,13.7,0,low
M02378,13.7,0,low
M02856,13.7,0,low
M00222,13.7,0,low
M00896,13.7,0,low
M02974,13.7,0,low
M00428,13.7,0,low
M01103,13.7,0,low
M01410,13.7,0,low
M02445,13.7,0,low
M02846,13.7,0,low
M02712,13.6,0,low
M01717,13.6,0,low
M02291,13.6,0,low
M00598,13.6,0,low
M01053,13.6,0,low
M02215,13.6,0,low
M00675,13.6,0,low
M01608,13.6,0,low
M02410,13.6,0,low
M01631,13.6,0,low
M02252,13.6,0,low
M02368,13.6,0,low
M01388,13.6,0,low
M00151,13.6,0,low
M02878,13.6,0,low
M01657,13.5,0,low
M02618,13.5,0,low
M02799,13.5,0,low
M00204,13.5,0,low
M02939,13.5,0,low
M02269,13.5,0,low
M01384,13.5,0,low
M02115,13.5,0,low
M02279,13.5,0,low
M01023,13.5,0,low
M00489,13.4,0,low
M01379,13.4,0,low
M00389,13.4,0,low
M01194,13.4,0,low
M01658,13.4,0,low
M01999,13.4,0,low
M01261,13.4,0,low
M02257,13.4,0,low
M00096,13.4,0,low
M01451,13.4,0,low
M02000,13.3,0,low
M00614,13.3,0,low
M01436,13.3,0,low
M00311,13.3,0,low
M02690,13.3,0,low
M02589,13.3,0,low
M00371,13.3,0,low
M00607,13.3,0,low
M00624,13.2,0,low
M01589,13.2,0,low
M00865,13.2,0,low
M02221,13.2,0,low
M02100,13.2,0,low
M01220,13.2,0,low
M00945,13.2,0,low
M02013,13.2,0,low
M02442,13.2,0,low
M01232,13.2,0,low
M01356,13.2,0,low
M01944,13.1,0,low
M01077,13.1,0,low
M00937,13.1,0,low
M01909,13.1,0,low
M02147,13.1,0,low
M02645,13.1,0,low
M02265,13.1,0,low
M01285,13.1,0,low
M02724,13.1,0,low
M02827,13.1,0,low
M02107,13.1,0,low
M00494,13.1,0,low
M02214,13.1,0,low
M01129,13.1,0,low
M00199,13.1,0,low
M00832,13.0,0,low
M01590,13.0,0,low
M00909,13.0,0,low
M00142,13.0,0,low
M00899,13.0,0,low
M02817,13.0,0,low
M02234,13.0,0,low
M01534,13.0,0,low
M00179,13.0,0,low
M01607,13.0,0,low
M01202,12.9,0,low
M01191,12.9,0,low
M00668,12.9,0,low
M02824,12.9,0,low
M02416,12.9,0,low
M00872,12.9,0,low
M01810,12.9,0,low
M02315,12.9,0,low
M00835,12.9,0,low
M01118,12.9,0,low
M01570,12.8,0,low
M00307,12.8,0,low
M01469,12.8,0,low
M02487,12.8,0,low
M01873,12.8,0,low
M00506,12.8,0,low
M00804,12.8,0,low
M01569,12.8,0,low
M02552,12.8,0,low
M03000,12.8,0,low
M01625,12.8,0,low
M01981,12.8,0,low
M00830,12.8,0,low
M01964,12.8,0,low
M02750,12.7,0,low
M02167,12.7,0,low
M00256,12.7,0,low
M02597,12.7,0,low
M00365,12.7,0,low
M02005,12.7,0,low
M00633,12.7,0,low
M01643,12.7,0,low
M02387,12.7,0,low
M01212,12.7,0,low
M01165,12.7,0,low
M00692,12.6,0,low
M01223,12.6,0,low
M02496,12.6,0,low
M01536,12.6,0,low
M01704,12.6,0,low
M02201,12.6,0,low
M01445,12.6,0,low
M02009,12.6,0,low
M00277,12.6,0,low
M02794,12.6,0,low
M00987,12.5,0,low
M01814,12.5,0,low
M02682,12.5,0,low
M02580,12.5,0,low
M02676,12.5,0,low
M01949,12.5,0,low
M00861,12.5,0,low
M00050,12.5,0,low
M00432,12.5,0,low
M02852,12.5,0,low
M01870,12.5,0,low
M02672,12.5,0,low
M01081,12.5,0,low
M01516,12.5,0,low
M01196,12.4,0,low
M00916,12.4,0,low
M00479,12.4,0,low
M01874,12.4,0,low
M01798,12.4,0,low
M01558,12.4,0,low
M01653,12.4,0,low
M00769,12.4,0,low
M02080,12.4,0,low
M02469,12.4,0,low
M00684,12.4,0,low
M01233,12.4,0,low
M02657,12.4,0,low
M00038,12.3,0,low
M02604,12.3,0,low
M01021,12.3,0,low
M02534,12.3,0,low
M01891,12.3,0,low
M01923,12.3,0,low
M01375,12.3,0,low
M00578,12.3,0,low
M01673,12.3,0,low
M00106,12.3,0,low
M01104,12.3,0,low
M02097,12.3,0,low
M01732,12.3,0,low
M01398,12.3,0,low
M02663,12.2,0,low
M01606,12.2,0,low
M01175,12.2,0,low
M02449,12.2,0,low
M02590,12.2,0,low
M01720,12.2,0,low
M02362,12.2,0,low
M02444,12.2,0,low
M00373,12.2,0,low
M00856,12.2,0,low
M01727,12.1,0,low
M00312,12.1,0,low
M02448,12.1,0,low
M01056,12.1,0,low
M02841,12.1,0,low
M00990,12.1,0,low
M01366,12.1,0,low
M02993,12.1,0,low
M02575,12.1,0,low
M02579,12.1,0,low
M01565,12.1,0,low
M00836,12.1,0,low
M01921,12.1,0,low
M02353,12.0,0,low
M00213,12.0,0,low
M00406,12.0,0,low
M00102,12.0,0,low
M00111,12.0,0,low
M00495,12.0,0,low
M02515,12.0,0,low
M01239,12.0,0,low
M02261,12.0,0,low
M01824,12.0,0,low
M02032,12.0,0,low
M02465,12.0,0,low
M00455,12.0,0,low
M01209,12.0,0,low
M00906,12.0,0,low
M01154,11.9,0,low
M01039,11.9,0,low
M02399,11.9,0,low
M02558,11.9,0,low
M02635,11.9,0,low
M01961,11.9,0,low
M00152,11.9,0,low
M02338,11.9,0,low
M00584,11.9,0,low
M02339,11.8,0,low
M00940,11.8,0,low
M01719,11.8,0,low
M00790,11.8,0,low
M00824,11.8,0,low
M02603,11.8,0,low
M00458,11.8,0,low
M02926,11.8,0,low
M01502,11.8,0,low
M02171,11.8,0,low
M02020,11.8,0,low
M00661,11.8,0,low
M02018,11.8,0,low
M00284,11.8,0,low
M01543,11.8,0,low
M02527,11.8,0,low
M01382,11.8,0,low
M01616,11.8,0,low
M00300,11.8,0,low
M00921,11.8,0,low
M01058,11.8,0,low
M00828,11.7,0,low
M00703,11.7,0,low
M01883,11.7,0,low
M02017,11.7,0,low
M00981,11.7,0,low
M01770,11.7,0,low
M00138,11.7,0,low
M01018,11.7,0,low
M01027,11.7,0,low
M02398,11.7,0,low
M00589,11.7,0,low
M00560,11.7,0,low
M02331,11.7,0,low
M01701,11.6,0,low
M00843,11.6,0,low
M01663,11.6,0,low
M01207,11.6,0,low
M00368,11.6,0,low
M01646,11.6,0,low
M00392,11.6,0,low
M02985,11.6,0,low
M02162,11.6,0,low
M02024,11.5,0,low
M00465,11.5,0,low
M00357,11.5,0,low
M01456,11.5,0,low
M01341,11.5,0,low
M00216,11.5,0,low
M01762,11.5,0,low
M01978,11.5,0,low
M00744,11.5,0,low
M02393,11.5,0,low
M00453,11.5,0,low
M02231,11.5,0,low
M01462,11.5,0,low
M00044,11.5,0,low
M00385,11.4,0,low
M01394,11.4,0,low
M01206,11.4,0,low
M01217,11.4,0,low
M02605,11.4,0,low
M01822,11.4,0,low
M00971,11.4,0,low
M02041,11.4,0,low
M00200,11.4,0,low
M00562,11.4,0,low
M01097,11.4,0,low
M02600,11.3,0,low
M00984,11.3,0,low
M00923,11.3,0,low
M01040,11.3,0,low
M01754,11.3,0,low
M00821,11.3,0,low
M00108,11.3,0,low
M02549,11.3,0,low
M01193,11.3,0,low
M02212,11.3,0,low
M00487,11.3,0,low
M00078,11.3,0,low
M01439,11.3,0,low
M02857,11.3,0,low
M00855,11.3,0,low
M01866,11.3,0,low
M00395,11.3,0,low
M00085,11.3,0,low
M01386,11.3,0,low
M00949,11.2,0,low
M01316,11.2,0,low
M02524,11.2,0,low
M00895,11.2,0,low
M01074,11.2,0,low
M01696,11.2,0,low
M01612,11.2,0,low
M02970,11.2,0,low
M00525,11.2,0,low
M02249,11.2,0,low
M00426,11.1,0,low
M00390,11.1,0,low
M00468,11.1,0,low
M00309,11.1,0,low
M01638,11.1,0,low
M00233,11.1,0,low
M01693,11.1,0,low
M00162,11.1,0,low
M01060,11.1,0,low
M01111,11.1,0,low
M02111,11.1,0,low
M02689,11.1,0,low
M00599,11.1,0,low
M01014,11.1,0,low
M00657,11.0,0,low
M01253,11.0,0,low
M00041,11.0,0,low
M01120,11.0,0,low
M01280,11.0,0,low
M01531,11.0,0,low
M00070,11.0,0,low
M01497,11.0,0,low
M02282,11.0,0,low
M00478,11.0,0,low
M02237,11.0,0,low
M02132,11.0,0,low
M00298,11.0,0,low
M01832,11.0,0,low
M01784,11.0,0,low
M00154,11.0,0,low
M00118,11.0,0,low
M00170,10.9,0,low
M00546,10.9,0,low
M02273,10.9,0,low
M02683,10.9,0,low
M02617,10.9,0,low
M00143,10.9,0,low
M00198,10.9,0,low
M02923,10.9,0,low
M01823,10.9,0,low
M00876,10.8,0,low
M02585,10.8,0,low
M01940,10.8,0,low
M00802,10.8,0,low
M02284,10.8,0,low
M00254,10.8,0,low
M01677,10.8,0,low
M02047,10.8,0,low
M02299,10.7,0,low
M01101,10.7,0,low
M00382,10.7,0,low
M02902,10.7,0,low
M02933,10.7,0,low
M00088,10.7,0,low
M00806,10.7,0,low
M00447,10.7,0,low
M00638,10.7,0,low
M01541,10.7,0,low
M02267,10.6,0,low
M02428,10.6,0,low
M01365,10.6,0,low
M01564,10.6,0,low
M00297,10.6,0,low
M00503,10.6,0,low
M00811,10.6,0,low
M00820,10.6,0,low
M00729,10.6,0,low
M01330,10.5,0,low
M01434,10.5,0,low
M01806,10.5,0,low
M02481,10.5,0,low
M02536,10.5,0,low
M02239,10.5,0,low
M02268,10.5,0,low
M00014,10.5,0,low
M02687,10.5,0,low
M00663,10.5,0,low
M02014,10.5,0,low
M01857,10.5,0,low
M02554,10.5,0,low
M01357,10.4,0,low
M01601,10.4,0,low
M00535,10.4,0,low
M01738,10.4,0,low
M02495,10.4,0,low
M00177,10.4,0,low
M02630,10.4,0,low
M01756,10.4,0,low
M01364,10.4,0,low
M02192,10.4,0,low
M00482,10.4,0,low
M02025,10.3,0,low
M02671,10.3,0,low
M00128,10.3,0,low
M01123,10.3,0,low
M02601,10.3,0,low
M01948,10.3,0,low
M00862,10.3,0,low
M01982,10.3,0,low
M00068,10.3,0,low
M02183,10.3,0,low
M00545,10.3,0,low
M00550,10.3,0,low
M02450,10.3,0,low
M00662,10.2,0,low
M02048,10.2,0,low
M01937,10.2,0,low
M02734,10.2,0,low
M02843,10.2,0,low
M00452,10.2,0,low
M01492,10.2,0,low
M01380,10.2,0,low
M00493,10.2,0,low
M02272,10.2,0,low
M01420,10.2,0,low
M00048,10.2,0,low
M02360,10.2,0,low
M02728,10.2,0,low
M00853,10.2,0,low
M02696,10.2,0,low
M00302,10.2,0,low
M00591,10.1,0,low
M02314,10.1,0,low
M02405,10.1,0,low
M00625,10.1,0,low
M02498,10.1,0,low
M02930,10.1,0,low
M01872,10.1,0,low
M00113,10.1,0,low
M00989,10.1,0,low
M01827,10.1,0,low
M01684,10.1,0,low
M01119,10.1,0,low
M00527,10.1,0,low
M02120,10.1,0,low
M02061,10.0,0,low
M02901,10.0,0,low
M02642,10.0,0,low
M02117,10.0,0,low
M00573,10.0,0,low
M02821,10.0,0,low
M00067,10.0,0,low
M01321,10.0,0,low
M02731,10.0,0,low
M00574,10.0,0,low
M02721,10.0,0,low
M02825,10.0,0,low
M01475,10.0,0,low
M01859,9.9,0,low
M00796,9.9,0,low
M02598,9.9,0,low
M00709,9.9,0,low
M01085,9.9,0,low
M00634,9.9,0,low
M00775,9.9,0,low
M00880,9.9,0,low
M01620,9.9,0,low
M00288,9.9,0,low
M01092,9.9,0,low
M02063,9.9,0,low
M01993,9.8,0,low
M02611,9.8,0,low
M01925,9.8,0,low
M02511,9.8,0,low
M00122,9.8,0,low
M02660,9.8,0,low
M02163,9.8,0,low
M01355,9.8,0,low
M01971,9.8,0,low
M02213,9.8,0,low
M02999,9.8,0,low
M02786,9.7,0,low
M02764,9.7,0,low
M02259,9.7,0,low
M02626,9.7,0,low
M01962,9.7,0,low
M00630,9.7,0,low
M00286,9.7,0,low
M01219,9.7,0,low
M02348,9.7,0,low
M00005,9.7,0,low
M00107,9.7,0,low
M01178,9.6,0,low
M00218,9.6,0,low
M02761,9.6,0,low
M01865,9.6,0,low
M02669,9.6,0,low
M00520,9.6,0,low
M00757,9.6,0,low
M02411,9.6,0,low
M01645,9.6,0,low
M01800,9.6,0,low
M00938,9.6,0,low
M00918,9.5,0,low
M01042,9.5,0,low
M01012,9.5,0,low
M00879,9.5,0,low
M00544,9.5,0,low
M00407,9.5,0,low
M00771,9.5,0,low
M00446,9.5,0,low
M01465,9.5,0,low
M02978,9.5,0,low
M00595,9.4,0,low
M00864,9.4,0,low
M00928,9.4,0,low
M00720,9.4,0,low
M00708,9.4,0,low
M02703,9.4,0,low
M00953,9.4,0,low
M00246,9.4,0,low
M02382,9.4,0,low
M01038,9.4,0,low
M01117,9.4,0,low
M02204,9.4,0,low
M01003,9.4,0,low
M00903,9.4,0,low
M00586,9.4,0,low
M00622,9.4,0,low
M02982,9.4,0,low
M02492,9.3,0,low
M00551,9.3,0,low
M01017,9.3,0,low
M01947,9.3,0,low
M02054,9.3,0,low
M02264,9.3,0,low
M00360,9.3,0,low
M02528,9.3,0,low
M02810,9.3,0,low
M00469,9.3,0,low
M00025,9.3,0,low
M02053,9.3,0,low
M02641,9.3,0,low
M01934,9.3,0,low
M00492,9.2,0,low
M00343,9.2,0,low
M00636,9.2,0,low
M01527,9.2,0,low
M01577,9.2,0,low
M02078,9.2,0,low
M02545,9.2,0,low
M00201,9.2,0,low
M00755,9.2,0,low
M00076,9.2,0,low
M01048,9.2,0,low
M01744,9.2,0,low
M02431,9.2,0,low
M02478,9.2,0,low
M00956,9.2,0,low
M00565,9.2,0,low
M02341,9.2,0,low
M00336,9.2,0,low
M02462,9.1,0,low
M01506,9.1,0,low
M02435,9.1,0,low
M01146,9.1,0,low
M02105,9.1,0,low
M01329,9.1,0,low
M02193,9.1,0,low
M02029,9.1,0,low
M00462,9.1,0,low
M02912,9.1,0,low
M01510,9.0,0,low
M00176,9.0,0,low
M02647,9.0,0,low
M00669,9.0,0,low
M02494,9.0,0,low
M01024,9.0,0,low
M00324,9.0,0,low
M01337,9.0,0,low
M02969,9.0,0,low
M02564,9.0,0,low
M00456,9.0,0,low
M02302,9.0,0,low
M00780,8.9,0,low
M02544,8.9,0,low
M01045,8.9,0,low
M02119,8.9,0,low
M02692,8.9,0,low
M01954,8.9,0,low
M00498,8.9,0,low
M02306,8.9,0,low
M00702,8.9,0,low
M02927,8.9,0,low
M02351,8.9,0,low
M01273,8.9,0,low
M00597,8.8,0,low
M02367,8.8,0,low
M00889,8.8,0,low
M00438,8.8,0,low
M02251,8.8,0,low
M02915,8.8,0,low
M02123,8.8,0,low
M02361,8.7,0,low
M00588,8.7,0,low
M01051,8.7,0,low
M02648,8.7,0,low
M01046,8.7,0,low
M02510,8.7,0,low
M02068,8.7,0,low
M02995,8.7,0,low
M00927,8.7,0,low
M00705,8.7,0,low
M00374,8.7,0,low
M00717,8.7,0,low
M02476,8.6,0,low
M01985,8.6,0,low
M02073,8.6,0,low
M00580,8.6,0,low
M00285,8.6,0,low
M02704,8.6,0,low
M02114,8.6,0,low
M01988,8.6,0,low
M02275,8.6,0,low
M02578,8.6,0,low
M02752,8.6,0,low
M01579,8.6,0,low
M00807,8.6,0,low
M00174,8.6,0,low
M02542,8.6,0,low
M02804,8.6,0,low
M00878,8.5,0,low
M00301,8.5,0,low
M02957,8.5,0,low
M01935,8.5,0,low
M02222,8.5,0,low
M00812,8.5,0,low
M01519,8.5,0,low
M00362,8.5,0,low
M01478,8.5,0,low
M00751,8.5,0,low
M01911,8.5,0,low
M00691,8.5,0,low
M02208,8.5,0,low
M00958,8.5,0,low
M00750,8.5,0,low
M01930,8.5,0,low
M02006,8.5,0,low
M01089,8.5,0,low
M01671,8.5,0,low
M00672,8.5,0,low
M02782,8.4,0,low
M02686,8.4,0,low
M01115,8.4,0,low
M02070,8.4,0,low
M02333,8.4,0,low
M00740,8.4,0,low
M02783,8.4,0,low
M01617,8.4,0,low
M00279,8.4,0,low
M00558,8.4,0,low
M01214,8.3,0,low
M02471,8.3,0,low
M01680,8.3,0,low
M02142,8.3,0,low
M01945,8.3,0,low
M00834,8.3,0,low
M01390,8.3,0,low
M02172,8.3,0,low
M02838,8.3,0,low
M01900,8.3,0,low
M02402,8.3,0,low
M02723,8.3,0,low
M00643,8.3,0,low
M01389,8.3,0,low
M02551,8.3,0,low
M00396,8.3,0,low
M01416,8.3,0,low
M01588,8.2,0,low
M02643,8.2,0,low
M00355,8.2,0,low
M02072,8.2,0,low
M02051,8.2,0,low
M02715,8.2,0,low
M01234,8.2,0,low
M01249,8.2,0,low
M00734,8.2,0,low
M00258,8.2,0,low
M01360,8.2,0,low
M01361,8.2,0,low
M02439,8.2,0,low
M01520,8.1,0,low
M00075,8.1,0,low
M00594,8.1,0,low
M01301,8.1,0,low
M00948,8.1,0,low
M01034,8.1,0,low
M01263,8.1,0,low
M00724,8.1,0,low
M00695,8.1,0,low
M01529,8.1,0,low
M00484,8.1,0,low
M00739,8.1,0,low
M02818,8.1,0,low
M01587,8.1,0,low
M01654,8.1,0,low
M02710,8.1,0,low
M02007,8.0,0,low
M01843,8.0,0,low
M01547,8.0,0,low
M00784,8.0,0,low
M02996,8.0,0,low
M02988,8.0,0,low
M00929,8.0,0,low
M02655,8.0,0,low
M02050,8.0,0,low
M02092,8.0,0,low
M00207,8.0,0,low
M00602,8.0,0,low
M01108,8.0,0,low
M02608,8.0,0,low
M01884,8.0,0,low
M01977,7.9,0,low
M02206,7.9,0,low
M01968,7.9,0,low
M02684,7.9,0,low
M01210,7.9,0,low
M02337,7.9,0,low
M01811,7.9,0,low
M02184,7.9,0,low
M00442,7.9,0,low
M02247,7.9,0,low
M00760,7.9,0,low
M01482,7.9,0,low
M00405,7.9,0,low
M02948,7.8,0,low
M01043,7.8,0,low
M00986,7.8,0,low
M02490,7.8,0,low
M01761,7.8,0,low
M00570,7.8,0,low
M01759,7.8,0,low
M01244,7.8,0,low
M00413,7.8,0,low
M02986,7.8,0,low
M02209,7.7,0,low
M01521,7.7,0,low
M02317,7.7,0,low
M02091,7.7,0,low
M01173,7.7,0,low
M02385,7.7,0,low
M00153,7.7,0,low
M02559,7.7,0,low
M00463,7.7,0,low
M02785,7.7,0,low
M02225,7.7,0,low
M01605,7.7,0,low
M00331,7.7,0,low
M00017,7.7,0,low
M00084,7.7,0,low
M01413,7.7,0,low
M01310,7.7,0,low
M02941,7.6,0,low
M01936,7.6,0,low
M01983,7.6,0,low
M02919,7.6,0,low
M00707,7.6,0,low
M00212,7.6,0,low
M01651,7.6,0,low
M01687,7.6,0,low
M00543,7.6,0,low
M02289,7.6,0,low
M01880,7.6,0,low
M01567,7.6,0,low
M02429,7.6,0,low
M02576,7.6,0,low
M00193,7.6,0,low
M00281,7.6,0,low
M02412,7.5,0,low
M00276,7.5,0,low
M01611,7.5,0,low
M01026,7.5,0,low
M01703,7.5,0,low
M00621,7.5,0,low
M01317,7.5,0,low
M00838,7.5,0,low
M00852,7.5,0,low
M01185,7.5,0,low
M01919,7.5,0,low
M02186,7.5,0,low
M00499,7.5,0,low
M01343,7.5,0,low
M01479,7.5,0,low
M01739,7.4,0,low
M01765,7.4,0,low
M00973,7.4,0,low
M01876,7.4,0,low
M00132,7.4,0,low
M02537,7.4,0,low
M01318,7.4,0,low
M02497,7.4,0,low
M02129,7.4,0,low
M02039,7.4,0,low
M01125,7.4,0,low
M01879,7.3,0,low
M01530,7.3,0,low
M02620,7.3,0,low
M00837,7.3,0,low
M02781,7.3,0,low
M02695,7.3,0,low
M00552,7.3,0,low
M01796,7.3,0,low
M00620,7.3,0,low
M00792,7.3,0,low
M01933,7.2,0,low
M02619,7.2,0,low
M02392,7.2,0,low
M02763,7.2,0,low
M01582,7.2,0,low
M00411,7.1,0,low
M00677,7.1,0,low
M02253,7.1,0,low
M02805,7.1,0,low
M02971,7.1,0,low
M00699,7.1,0,low
M02389,7.1,0,low
M02792,7.1,0,low
M01583,7.1,0,low
M02332,7.1,0,low
M01477,7.1,0,low
M00192,7.1,0,low
M00968,7.0,0,low
M01011,7.0,0,low
M02609,7.0,0,low
M02090,7.0,0,low
M01282,7.0,0,low
M01630,7.0,0,low
M01485,6.9,0,low
M00514,6.9,0,low
M00637,6.9,0,low
M01691,6.9,0,low
M00236,6.9,0,low
M00713,6.9,0,low
M00399,6.9,0,low
M00612,6.9,0,low
M02520,6.9,0,low
M01229,6.8,0,low
M02199,6.8,0,low
M02819,6.8,0,low
M02516,6.8,0,low
M01205,6.8,0,low
M02377,6.8,0,low
M01836,6.8,0,low
M02334,6.8,0,low
M02959,6.8,0,low
M01831,6.8,0,low
M00265,6.8,0,low
M01275,6.8,0,low
M02003,6.7,0,low
M01055,6.7,0,low
M01256,6.7,0,low
M00674,6.7,0,low
M00585,6.7,0,low
M01674,6.7,0,low
M00480,6.7,0,low
M01374,6.7,0,low
M01647,6.6,0,low
M02124,6.6,0,low
M01140,6.6,0,low
M00168,6.6,0,low
M02463,6.6,0,low
M01066,6.6,0,low
M01086,6.6,0,low
M01816,6.6,0,low
M00689,6.6,0,low
M00339,6.6,0,low
M01429,6.6,0,low
M02228,6.6,0,low
M00433,6.6,0,low
M00061,6.6,0,low
M01255,6.5,0,low
M02461,6.5,0,low
M02464,6.5,0,low
M02871,6.5,0,low
M01020,6.5,0,low
M02059,6.5,0,low
M01306,6.5,0,low
M01973,6.5,0,low
M02319,6.5,0,low
M02950,6.5,0,low
M01488,6.4,0,low
M02191,6.4,0,low
M01637,6.4,0,low
M01562,6.4,0,low
M02895,6.4,0,low
M01041,6.4,0,low
M00845,6.4,0,low
M01790,6.4,0,low
M01989,6.4,0,low
M01177,6.4,0,low
M02219,6.4,0,low
M01675,6.3,0,low
M02713,6.3,0,low
M00267,6.3,0,low
M02217,6.3,0,low
M02396,6.3,0,low
M00714,6.3,0,low
M00980,6.3,0,low
M00237,6.3,0,low
M02113,6.3,0,low
M00767,6.3,0,low
M01840,6.3,0,low
M02540,6.3,0,low
M02584,6.2,0,low
M01419,6.2,0,low
M01082,6.2,0,low
M01963,6.2,0,low
M00378,6.2,0,low
M00988,6.2,0,low
M02096,6.1,0,low
M01237,6.1,0,low
M00434,6.1,0,low
M01334,6.1,0,low
M02807,6.1,0,low
M02633,6.1,0,low
M02729,6.1,0,low
M01777,6.1,0,low
M00857,6.1,0,low
M01864,6.1,0,low
M01466,6.0,0,low
M01166,6.0,0,low
M01997,6.0,0,low
M00241,6.0,0,low
M00898,6.0,0,low
M01580,6.0,0,low
M00930,6.0,0,low
M01841,6.0,0,low
M00978,6.0,0,low
M02451,6.0,0,low
M02466,6.0,0,low
M01650,6.0,0,low
M00166,6.0,0,low
M02541,6.0,0,low
M01526,6.0,0,low
M00628,5.9,0,low
M01629,5.9,0,low
M01348,5.9,0,low
M02525,5.9,0,low
M00698,5.9,0,low
M00266,5.9,0,low
M02473,5.9,0,low
M00583,5.9,0,low
M02369,5.9,0,low
M00400,5.9,0,low
M02981,5.9,0,low
M02152,5.8,0,low
M01065,5.8,0,low
M02159,5.8,0,low
M01563,5.8,0,low
M00466,5.8,0,low
M02460,5.8,0,low
M00664,5.8,0,low
M01019,5.8,0,low
M02122,5.8,0,low
M01106,5.7,0,low
M02173,5.7,0,low
M00187,5.7,0,low
M02868,5.7,0,low
M00417,5.7,0,low
M01795,5.7,0,low
M02848,5.7,0,low
M01377,5.7,0,low
M00131,5.6,0,low
M02582,5.6,0,low
M02911,5.6,0,low
M00149,5.6,0,low
M00737,5.6,0,low
M01319,5.6,0,low
M01195,5.6,0,low
M02187,5.6,0,low
M01324,5.6,0,low
M00531,5.6,0,low
M00245,5.6,0,low
M01715,5.6,0,low
M00401,5.6,0,low
M01835,5.5,0,low
M01289,5.5,0,low
M01741,5.5,0,low
M01785,5.5,0,low
M02614,5.5,0,low
M00870,5.5,0,low
M00868,5.5,0,low
M00753,5.5,0,low
M02027,5.4,0,low
M00335,5.4,0,low
M00798,5.4,0,low
M00217,5.4,0,low
M01031,5.4,0,low
M00601,5.4,0,low
M01898,5.4,0,low
M01200,5.4,0,low
M00058,5.4,0,low
M00060,5.3,0,low
M00436,5.3,0,low
M01494,5.3,0,low
M01098,5.3,0,low
M00579,5.3,0,low
M01225,5.3,0,low
M02756,5.3,0,low
M00488,5.3,0,low
M00391,5.3,0,low
M00704,5.2,0,low
M01136,5.2,0,low
M02280,5.2,0,low
M01915,5.2,0,low
M00226,5.2,0,low
M02886,5.2,0,low
M00364,5.2,0,low
M01548,5.2,0,low
M02709,5.2,0,low
M00185,5.2,0,low
M01095,5.2,0,low
M02106,5.1,0,low
M00421,5.1,0,low
M00577,5.1,0,low
M00809,5.1,0,low
M02599,5.1,0,low
M00814,5.1,0,low
M01779,5.1,0,low
M02509,5.1,0,low
M02755,5.1,0,low
M00533,5.1,0,low
M00330,5.1,0,low
M01473,5.1,0,low
M01370,5.1,0,low
M00982,5.1,0,low
M02033,5.0,0,low
M01791,5.0,0,low
M00736,5.0,0,low
M00303,5.0,0,low
M00627,5.0,0,low
M02131,5.0,0,low
M01644,5.0,0,low
M00886,5.0,0,low
M00960,5.0,0,low
M01222,5.0,0,low
M01970,4.9,0,low
M00786,4.9,0,low
M02210,4.9,0,low
M00538,4.9,0,low
M00448,4.9,0,low
M00144,4.9,0,low
M00891,4.9,0,low
M02438,4.9,0,low
M01444,4.8,0,low
M02831,4.8,0,low
M00052,4.8,0,low
M00056,4.8,0,low
M00966,4.8,0,low
M01013,4.8,0,low
M02426,4.8,0,low
M02891,4.8,0,low
M01153,4.7,0,low
M01464,4.7,0,low
M01551,4.7,0,low
M00649,4.7,0,low
M01733,4.7,0,low
M01183,4.7,0,low
M01296,4.7,0,low
M02822,4.6,0,low
M01614,4.6,0,low
M00849,4.6,0,low
M02380,4.6,0,low
M00900,4.6,0,low
M01283,4.6,0,low
M00334,4.6,0,low
M01772,4.6,0,low
M02067,4.6,0,low
M01535,4.5,0,low
M00443,4.5,0,low
M01315,4.5,0,low
M02517,4.5,0,low
M01559,4.5,0,low
M00800,4.5,0,low
M02182,4.5,0,low
M01833,4.4,0,low
M01813,4.4,0,low
M00885,4.4,0,low
M02065,4.4,0,low
M01000,4.4,0,low
M02151,4.4,0,low
M01920,4.4,0,low
M00776,4.4,0,low
M01496,4.4,0,low
M02352,4.4,0,low
M01352,4.4,0,low
M02126,4.4,0,low
M00783,4.4,0,low
M02936,4.3,0,low
M00471,4.3,0,low
M02812,4.3,0,low
M00318,4.3,0,low
M00660,4.3,0,low
M01975,4.3,0,low
M01676,4.2,0,low
M02421,4.2,0,low
M02383,4.2,0,low
M02862,4.2,0,low
M02424,4.2,0,low
M02631,4.2,0,low
M01291,4.2,0,low
M02733,4.1,0,low
M01998,4.1,0,low
M00781,4.1,0,low
M02976,4.1,0,low
M02074,4.1,0,low
M02910,4.1,0,low
M02646,4.1,0,low
M00294,4.1,0,low
M00197,4.1,0,low
M02775,4.1,0,low
M02892,4.1,0,low
M01780,4.1,0,low
M01573,4.0,0,low
M02881,4.0,0,low
M01116,4.0,0,low
M02165,4.0,0,low
M01498,4.0,0,low
M00467,4.0,0,low
M00287,3.9,0,low
M02543,3.9,0,low
M02404,3.9,0,low
M01344,3.9,0,low
M00042,3.9,0,low
M01910,3.9,0,low
M01028,3.9,0,low
M02223,3.8,0,low
M02569,3.8,0,low
M00908,3.8,0,low
M00353,3.8,0,low
M01618,3.8,0,low
M01481,3.7,0,low
M01221,3.7,0,low
M02137,3.7,0,low
M00263,3.7,0,low
M01692,3.7,0,low
M01350,3.6,0,low
M00234,3.6,0,low
M00665,3.6,0,low
M01576,3.6,0,low
M01549,3.6,0,low
M02144,3.6,0,low
M00537,3.6,0,low
M01265,3.6,0,low
M00427,3.5,0,low
M00039,3.5,0,low
M01736,3.5,0,low
M02640,3.5,0,low
M01532,3.5,0,low
M01955,3.5,0,low
M01604,3.5,0,low
M00816,3.5,0,low
M02133,3.5,0,low
M02759,3.5,0,low
M01409,3.5,0,low
M00563,3.5,0,low
M02482,3.4,0,low
M02244,3.4,0,low
M00652,3.3,0,low
M01581,3.3,0,low
M00087,3.3,0,low
M01308,3.3,0,low
M00995,3.3,0,low
M01846,3.2,0,low
M02937,3.2,0,low
M01325,3.2,0,low
M00045,3.2,0,low
M01421,3.2,0,low
M00557,3.2,0,low
M00156,3.2,0,low
M02474,3.2,0,low
M00161,3.2,0,low
M02342,3.1,0,low
M01201,3.1,0,low
M02830,3.1,0,low
M01708,3.1,0,low
M00791,3.1,0,low
M02866,3.1,0,low
M02243,3.1,0,low
M00640,3.0,0,low
M00315,3.0,0,low
M00914,3.0,0,low
M00280,3.0,0,low
M00051,3.0,0,low
M02484,2.9,0,low
M01455,2.9,0,low
M01476,2.9,0,low
M01602,2.9,0,low
M00046,2.9,0,low
M01061,2.8,0,low
M01495,2.8,0,low
M01939,2.8,0,low
M00894,2.8,0,low
M01383,2.7,0,low
M02888,2.7,0,low
M01793,2.7,0,low
M00019,2.7,0,low
M00939,2.7,0,low
M02322,2.6,0,low
M01257,2.5,0,low
M02628,2.5,0,low
M00910,2.5,0,low
M02949,2.5,0,low
M00644,2.4,0,low
M02556,2.4,0,low
M00505,2.4,0,low
M02963,2.4,0,low
M02664,2.4,0,low
M01507,2.4,0,low
M02946,2.3,0,low
M00062,2.3,0,low
M02229,2.3,0,low
M02566,2.3,0,low
M01776,2.3,0,low
M01825,2.3,0,low
M02397,2.2,0,low
M02016,2.2,0,low
M01544,2.2,0,low
M00317,2.2,0,low
M02815,2.2,0,low
M02512,2.1,0,low
M00419,2.1,0,low
M00158,2.1,0,low
M01468,2.0,0,low
M01134,2.0,0,low
M02644,2.0,0,low
M02550,2.0,0,low
M01669,1.9,0,low
M01450,1.9,0,low
M01634,1.9,0,low
M00008,1.8,0,low
M00972,1.8,0,low
M01769,1.8,0,low
M01408,1.8,0,low
M01073,1.7,0,low
M02987,1.7,0,low
M00998,1.7,0,low
M02884,1.7,0,low
M02254,1.6,0,low
M01511,1.6,0,low
M00817,1.5,0,low
M02889,1.5,0,low
M02925,1.5,0,low
M01830,1.4,0,low
M00626,1.3,0,low
M02928,1.3,0,low
M02127,1.0,0,low
M01033,1.0,0,low
M02271,0.9,0,low
M02762,0.7,0,low
M01561,0.7,0,low
M01987,0.6,0,low
M00673,0.6,0,low
M01847,0.5,0,low
M01218,0.3,0,low
M00295,0.3,0,low
M01539,0.0,0,low
