transformer_id,age_years,load_factor,maintenance_score,oil_quality_index,temperature_rise_c,failure_within_1yr,failure_score,predicted_failure,tier
T0001,13.9,0.491,0.31,0.496,50.0,0,0.05,0,medium
T0002,18.5,0.912,0.782,0.545,67.7,1,0.79,1,high
T0003,12.3,0.4,0.918,0.667,46.1,0,0.04,0,medium
T0004,11.1,0.556,0.792,0.73,49.8,0,0.03,0,medium
T0005,20.1,0.616,0.127,0.246,72.9,1,0.94,1,high
T0006,11.8,0.396,0.891,0.889,48.4,0,0.0,0,low
T0007,15.5,0.565,0.454,0.588,62.8,0,0.07,0,medium
T0008,14.5,0.434,0.56,0.429,58.2,0,0.01,0,low
T0009,20.1,0.772,0.846,0.777,63.0,0,0.07,0,medium
T0010,9.8,0.561,0.461,0.38,48.4,1,0.66,1,high
T0011,24.5,0.377,0.233,0.425,59.8,1,0.8,1,high
T0012,8.0,0.445,0.663,0.596,48.8,0,0.01,0,low
T0013,16.2,0.359,0.935,0.774,55.8,0,0.01,0,low
T0014,14.9,0.363,0.608,0.614,49.4,0,0.11,0,high
T0015,7.5,0.541,0.649,0.718,50.8,0,0.0,0,low
T0016,17.0,0.511,0.657,0.775,54.7,0,0.0,0,low
T0017,10.3,0.367,0.636,0.723,53.0,0,0.0,0,low
T0018,5.7,0.73,0.49,0.627,53.5,1,0.6,1,high
T0019,18.5,0.571,0.611,0.673,61.7,0,0.02,0,medium
T0020,4.1,0.475,0.644,0.612,39.3,0,0.0,0,low
T0021,6.6,0.478,0.23,0.461,44.1,0,0.01,0,low
T0022,12.2,0.39,0.729,0.779,36.4,0,0.0,0,low
T0023,20.0,0.804,0.692,0.722,66.6,0,0.06,0,medium
T0024,17.7,0.921,0.468,0.517,71.0,1,0.73,1,high
T0025,13.7,0.759,0.26,0.41,68.0,1,0.89,1,high
T0026,3.0,0.933,0.529,0.618,53.8,0,0.14,0,high
T0027,7.8,0.508,0.204,0.309,53.5,1,0.61,1,high
T0028,9.1,0.727,0.686,0.573,56.5,0,0.0,0,low
T0029,5.5,0.165,0.845,0.838,45.1,0,0.01,0,low
T0030,2.3,0.663,0.531,0.629,59.1,0,0.05,0,medium
T0031,12.6,0.562,0.711,0.489,61.1,0,0.07,0,medium
T0032,18.1,0.204,0.366,0.561,52.9,0,0.01,0,low
T0033,8.6,0.497,0.422,0.481,60.1,0,0.19,0,high
T0034,19.8,0.911,0.415,0.566,66.5,1,0.85,1,high
T0035,3.7,0.36,0.52,0.529,44.6,0,0.0,0,low
T0036,5.2,0.783,0.461,0.554,55.7,0,0.1,0,medium
T0037,12.4,0.356,0.594,0.642,44.8,0,0.0,0,low
T0038,8.0,0.812,0.599,0.6,57.0,0,0.02,0,medium
T0039,17.2,0.613,0.8,0.769,50.4,1,0.66,1,high
T0040,15.4,0.398,0.449,0.419,61.6,0,0.13,0,high
T0041,8.5,0.882,0.928,0.747,59.8,0,0.09,0,medium
T0042,4.0,0.335,0.297,0.427,55.2,0,0.05,0,medium
T0043,7.8,0.564,0.845,0.712,42.1,0,0.01,0,low
T0044,15.6,0.738,0.447,0.523,71.7,0,0.14,0,high
T0045,17.6,0.239,0.553,0.689,41.6,0,0.0,0,low
T0046,8.1,0.183,0.711,0.553,38.9,0,0.0,0,low
T0047,2.3,0.603,0.907,0.864,42.0,0,0.01,0,low
T0048,3.5,0.517,0.348,0.462,57.7,0,0.06,0,medium
T0049,14.8,0.401,0.366,0.489,56.0,0,0.08,0,medium
T0050,8.4,0.475,0.651,0.734,47.0,0,0.0,0,low
T0051,8.5,0.195,0.555,0.59,40.8,0,0.0,0,low
T0052,5.2,0.337,0.472,0.606,38.7,0,0.0,0,low
T0053,5.1,0.388,0.173,0.445,55.2,0,0.1,0,medium
T0054,19.6,0.546,0.867,0.749,60.3,0,0.03,0,medium
T0055,15.2,0.5,0.728,0.7,60.2,0,0.02,0,medium
T0056,7.0,0.603,0.859,0.653,53.7,0,0.05,0,medium
T0057,11.8,0.678,0.893,0.696,42.3,0,0.01,0,low
T0058,13.2,0.832,0.54,0.514,56.8,0,0.04,0,medium
T0059,30.1,0.305,0.741,0.74,59.8,0,0.0,0,low
T0060,4.7,0.617,0.56,0.467,52.1,0,0.09,0,medium
T0061,13.1,0.77,0.65,0.683,55.7,0,0.0,0,low
T0062,19.5,0.898,0.935,0.903,55.7,0,0.06,0,medium
T0063,28.0,0.24,0.603,0.581,62.4,0,0.15,0,high
T0064,6.7,0.469,0.652,0.568,52.4,0,0.0,0,low
T0065,8.3,0.691,0.53,0.598,57.9,0,0.0,0,low
T0066,17.3,0.723,0.431,0.523,59.7,1,0.73,1,high
T0067,3.0,0.948,0.852,0.789,55.3,0,0.0,0,low
T0068,14.0,0.733,0.31,0.505,54.7,1,0.73,1,high
T0069,35.0,0.561,0.297,0.506,69.6,1,0.93,1,high
T0070,15.0,0.77,0.871,0.748,45.8,0,0.04,0,medium
T0071,1.2,0.212,0.302,0.334,37.6,0,0.12,0,high
T0072,5.8,0.808,0.468,0.495,56.7,0,0.06,0,medium
T0073,6.9,0.728,0.612,0.526,68.5,0,0.11,0,high
T0074,22.4,0.311,0.357,0.535,47.7,0,0.04,0,medium
T0075,9.9,0.538,0.822,0.637,46.1,0,0.01,0,low
T0076,2.3,0.905,0.698,0.707,55.7,0,0.0,0,low
T0077,10.8,0.536,0.448,0.543,63.3,0,0.03,0,medium
T0078,12.3,0.507,0.811,0.658,53.7,0,0.02,0,medium
T0079,7.6,0.73,0.717,0.798,55.8,0,0.0,0,low
T0080,5.0,0.511,0.769,0.778,44.5,0,0.0,0,low
T0081,35.0,0.467,0.681,0.677,62.5,1,0.74,1,high
T0082,19.6,0.935,0.139,0.368,72.1,1,0.92,1,high
T0083,20.7,0.329,0.359,0.434,54.5,0,0.18,0,high
T0084,10.0,0.769,0.506,0.56,62.4,0,0.12,0,high
T0085,6.6,0.632,0.639,0.488,47.1,0,0.06,0,medium
T0086,7.9,0.414,0.352,0.511,55.1,0,0.05,0,medium
T0087,3.7,0.471,0.866,0.685,46.4,0,0.0,0,low
T0088,29.8,0.644,0.627,0.721,64.0,0,0.23,0,high
T0089,10.3,0.723,0.252,0.349,53.6,0,0.14,0,high
T0090,25.7,0.67,0.966,0.801,56.8,1,0.78,1,high
T0091,8.2,0.507,0.519,0.604,57.2,0,0.0,0,low
T0092,15.1,0.49,0.628,0.625,53.5,0,0.02,0,medium
T0093,12.8,0.645,0.804,0.729,56.1,0,0.0,0,low
T0094,3.3,0.24,0.588,0.502,39.8,0,0.0,0,low
T0095,32.1,0.634,0.889,0.762,65.4,0,0.1,0,medium
T0096,8.3,0.274,0.674,0.65,38.5,0,0.0,0,low
T0097,4.4,0.388,0.456,0.513,48.4,0,0.01,0,low
T0098,17.3,0.87,0.741,0.76,63.7,0,0.1,0,medium
T0099,11.2,0.402,0.778,0.644,51.5,0,0.0,0,low
T0100,14.2,0.521,0.308,0.407,54.1,0,0.06,0,medium
T0101,12.0,0.358,0.951,0.665,47.4,0,0.02,0,medium
T0102,1.4,0.413,0.602,0.557,48.6,0,0.02,0,medium
T0103,5.6,0.884,0.634,0.472,59.3,0,0.11,0,high
T0104,5.4,0.553,0.122,0.272,55.1,0,0.09,0,medium
T0105,20.5,0.37,0.518,0.659,64.1,0,0.06,0,medium
T0106,11.5,0.653,0.721,0.754,48.9,0,0.01,0,low
T0107,15.7,0.78,0.696,0.748,64.5,1,0.6,1,high
T0108,8.7,0.3,0.521,0.531,42.5,0,0.0,0,low
T0109,16.2,0.575,0.335,0.449,63.6,1,0.88,1,high
T0110,10.0,0.851,0.637,0.725,61.2,0,0.07,0,medium
T0111,9.5,0.572,0.27,0.38,54.9,0,0.14,0,high
T0112,12.7,0.25,0.838,0.762,39.3,0,0.0,0,low
T0113,12.0,0.357,0.239,0.326,45.3,0,0.13,0,high
T0114,35.0,0.694,0.815,0.787,65.0,0,0.2,0,high
T0115,5.6,0.191,0.485,0.496,47.2,0,0.01,0,low
T0116,3.0,0.926,0.844,0.81,48.2,0,0.1,0,medium
T0117,14.0,0.816,0.393,0.428,65.1,0,0.32,0,high
T0118,6.2,0.717,0.306,0.513,48.9,0,0.14,0,high
T0119,1.2,0.403,0.622,0.536,44.8,0,0.01,0,low
T0120,4.6,0.556,0.763,0.553,45.3,0,0.0,0,low
T0121,35.0,0.642,0.816,0.702,68.1,0,0.05,0,medium
T0122,5.4,0.464,0.508,0.622,45.8,0,0.0,0,low
T0123,2.1,0.851,0.414,0.437,52.2,1,0.81,1,high
T0124,35.0,0.473,0.364,0.473,65.6,1,0.98,1,high
T0125,4.4,0.619,0.479,0.472,49.1,1,0.64,1,high
T0126,35.0,0.496,0.178,0.412,63.9,1,0.9,1,high
T0127,8.4,0.402,0.506,0.64,53.8,0,0.0,0,low
T0128,32.2,0.765,0.755,0.69,67.9,0,0.22,0,high
T0129,9.3,0.635,0.616,0.509,45.4,0,0.01,0,low
T0130,15.2,0.364,0.627,0.611,49.0,1,0.58,1,high
T0131,10.1,0.62,0.626,0.697,57.8,0,0.0,0,low
T0132,9.4,0.911,0.647,0.542,58.1,1,0.65,1,high
T0133,13.2,0.431,0.325,0.469,62.5,1,0.84,1,high
T0134,15.5,0.699,0.565,0.623,55.2,0,0.04,0,medium
T0135,12.5,0.532,0.732,0.488,59.0,1,0.61,1,high
T0136,11.6,0.743,0.57,0.54,64.8,0,0.04,0,medium
T0137,6.3,0.646,0.273,0.36,59.7,1,0.72,1,high
T0138,10.4,0.575,0.57,0.67,46.0,0,0.01,0,low
T0139,29.7,0.442,0.765,0.72,55.9,0,0.07,0,medium
T0140,6.0,0.531,0.774,0.701,54.5,0,0.0,0,low
T0141,13.5,0.961,0.831,0.804,56.7,0,0.07,0,medium
T0142,24.1,0.285,0.479,0.608,60.7,0,0.05,0,medium
T0143,15.6,0.823,0.627,0.728,58.2,0,0.04,0,medium
T0144,20.7,0.611,0.495,0.559,62.5,1,0.65,1,high
T0145,4.3,0.612,0.579,0.527,45.7,0,0.01,0,low
T0146,13.5,0.405,0.933,0.878,44.2,0,0.0,0,low
T0147,9.0,0.376,0.822,0.717,42.4,0,0.0,0,low
T0148,9.3,0.482,0.899,0.849,48.0,0,0.03,0,medium
T0149,28.1,0.385,0.304,0.37,65.1,0,0.3,0,high
T0150,9.4,0.415,0.314,0.389,56.1,1,0.7,1,high
T0151,13.8,0.77,0.737,0.615,57.7,0,0.05,0,medium
T0152,2.1,0.304,0.758,0.728,36.2,0,0.0,0,low
T0153,32.2,0.844,0.812,0.725,71.7,0,0.22,0,high
T0154,19.9,0.382,0.925,0.819,46.4,0,0.01,0,low
T0155,10.7,0.248,0.634,0.683,51.0,0,0.06,0,medium
T0156,8.7,0.239,0.461,0.492,47.1,0,0.0,0,low
T0157,16.7,0.26,0.487,0.496,51.2,0,0.04,0,medium
T0158,23.9,0.276,0.938,0.805,54.2,0,0.07,0,medium
T0159,32.4,0.652,0.791,0.786,65.3,1,0.56,1,high
T0160,19.5,0.976,0.882,0.887,54.9,0,0.09,0,medium
T0161,11.8,0.495,0.197,0.282,53.6,1,0.78,1,high
T0162,21.4,0.58,0.853,0.89,60.9,0,0.1,0,medium
T0163,18.9,0.629,0.318,0.489,62.8,1,0.93,1,high
T0164,11.8,0.39,0.717,0.61,42.3,0,0.03,0,medium
T0165,18.6,0.567,0.633,0.61,60.4,0,0.0,0,low
T0166,18.3,0.514,0.322,0.341,59.4,0,0.12,0,high
T0167,10.7,0.627,0.699,0.644,50.2,0,0.02,0,medium
T0168,7.5,0.555,0.432,0.583,46.5,0,0.02,0,medium
T0169,17.3,0.888,0.5,0.641,69.4,0,0.18,0,high
T0170,4.8,0.403,0.447,0.389,40.9,0,0.05,0,medium
T0171,3.9,0.629,0.393,0.35,51.7,1,0.73,1,high
T0172,14.0,0.477,0.758,0.668,53.4,0,0.02,0,medium
T0173,17.0,0.68,0.719,0.65,67.3,0,0.06,0,medium
T0174,13.9,0.768,0.569,0.643,62.4,1,0.7,1,high
T0175,14.9,0.977,0.418,0.352,65.9,1,0.87,1,high
T0176,16.8,0.158,0.486,0.566,57.0,0,0.01,0,low
T0177,28.2,0.344,0.826,0.846,48.5,0,0.09,0,medium
T0178,19.7,0.205,0.509,0.69,51.2,0,0.01,0,low
T0179,19.3,0.494,0.72,0.729,57.7,0,0.01,0,low
T0180,13.2,0.15,0.545,0.463,44.5,0,0.0,0,low
T0181,13.6,0.321,0.367,0.418,57.2,0,0.14,0,high
T0182,10.0,0.659,0.529,0.499,55.0,0,0.02,0,medium
T0183,14.6,0.307,0.339,0.457,56.8,0,0.09,0,medium
T0184,4.6,0.504,0.54,0.693,38.2,0,0.0,0,low
T0185,28.3,0.228,0.717,0.653,57.9,1,0.69,1,high
T0186,5.7,0.841,0.751,0.673,53.7,0,0.01,0,low
T0187,19.6,0.358,0.731,0.477,62.8,0,0.13,0,high
T0188,26.0,0.408,0.281,0.504,61.3,1,0.75,1,high
T0189,19.6,0.607,0.447,0.562,67.2,0,0.08,0,medium
T0190,35.0,0.207,0.19,0.357,67.7,1,0.87,1,high
T0191,1.5,0.177,0.81,0.654,38.4,0,0.0,0,low
T0192,7.9,0.453,0.429,0.379,57.8,0,0.15,0,high
T0193,25.7,0.457,0.642,0.58,65.0,1,0.72,1,high
T0194,3.8,0.51,0.575,0.642,50.3,0,0.02,0,medium
T0195,5.9,0.753,0.658,0.713,41.8,0,0.01,0,low
T0196,16.1,0.96,0.534,0.434,64.0,0,0.18,0,high
T0197,11.7,0.748,0.712,0.751,62.8,0,0.07,0,medium
T0198,15.4,0.822,0.643,0.623,55.8,0,0.07,0,medium
T0199,12.4,0.926,0.492,0.442,70.2,0,0.17,0,high
T0200,13.2,0.746,0.372,0.381,67.0,0,0.17,0,high
T0201,6.4,0.834,0.594,0.695,52.0,0,0.01,0,low
T0202,12.9,0.394,0.777,0.683,40.1,0,0.0,0,low
T0203,8.3,0.256,0.465,0.308,48.2,0,0.1,0,medium
T0204,9.2,0.744,0.63,0.684,65.9,0,0.06,0,medium
T0205,19.5,0.737,0.251,0.243,65.2,1,0.85,1,high
T0206,3.6,0.756,0.614,0.501,51.8,0,0.02,0,medium
T0207,0.9,0.707,0.429,0.427,49.4,0,0.18,0,high
T0208,18.5,0.939,0.93,0.879,68.0,0,0.08,0,medium
T0209,12.9,0.332,0.269,0.442,51.9,0,0.02,0,medium
T0210,26.0,0.497,0.797,0.774,55.5,0,0.05,0,medium
T0211,6.0,0.731,0.258,0.354,66.4,0,0.22,0,high
T0212,10.4,0.766,0.712,0.644,60.4,0,0.1,0,medium
T0213,12.0,0.153,0.688,0.671,39.9,0,0.0,0,low
T0214,7.0,0.756,0.625,0.612,49.7,0,0.04,0,medium
T0215,5.4,0.514,0.68,0.637,54.9,0,0.01,0,low
T0216,19.2,0.709,0.282,0.49,64.4,1,0.93,1,high
T0217,3.3,0.557,0.607,0.627,41.2,0,0.0,0,low
T0218,4.7,0.729,0.23,0.38,49.1,0,0.12,0,high
T0219,10.2,0.368,0.417,0.534,45.0,0,0.02,0,medium
T0220,20.7,0.522,0.457,0.617,52.6,0,0.1,0,medium
T0221,7.4,0.631,0.757,0.711,41.3,0,0.0,0,low
T0222,6.6,0.405,0.466,0.591,42.8,0,0.0,0,low
T0223,9.7,0.569,0.287,0.492,50.9,1,0.65,1,high
T0224,14.4,0.676,0.491,0.449,59.1,0,0.06,0,medium
T0225,8.6,0.283,0.898,0.902,49.6,0,0.03,0,medium
T0226,22.4,0.38,0.439,0.404,59.2,1,0.74,1,high
T0227,23.0,0.68,0.634,0.718,61.0,1,0.65,1,high
T0228,10.2,0.686,0.91,0.789,55.5,0,0.02,0,medium
T0229,35.0,0.2,0.972,0.957,53.0,0,0.21,0,high
T0230,11.8,0.493,0.815,0.711,53.1,0,0.0,0,low
T0231,22.5,0.243,0.93,0.798,51.9,0,0.06,0,medium
T0232,14.2,0.649,0.619,0.71,56.6,0,0.01,0,low
T0233,14.0,0.206,0.936,0.805,58.3,0,0.05,0,medium
T0234,2.6,0.464,0.424,0.579,51.9,0,0.03,0,medium
T0235,4.3,0.334,0.864,0.894,34.4,0,0.0,0,low
T0236,9.0,0.315,0.416,0.634,48.8,0,0.02,0,medium
T0237,22.9,0.524,0.898,0.849,52.0,1,0.76,1,high
T0238,14.3,0.518,0.658,0.524,58.8,0,0.09,0,medium
T0239,9.0,0.231,0.4,0.457,41.4,0,0.05,0,medium
T0240,17.1,0.642,0.254,0.214,61.0,0,0.25,0,high
T0241,22.4,0.495,0.417,0.495,63.1,0,0.25,0,high
T0242,11.3,0.364,0.8,0.753,52.2,0,0.01,0,low
T0243,13.1,0.795,0.512,0.332,67.9,0,0.15,0,high
T0244,12.0,0.44,0.315,0.318,61.4,0,0.1,0,medium
T0245,10.7,0.717,0.746,0.718,57.2,0,0.0,0,low
T0246,5.9,0.412,0.908,0.686,47.1,0,0.01,0,low
T0247,5.6,0.223,0.418,0.52,42.4,0,0.01,0,low
T0248,17.0,0.608,0.756,0.718,60.7,0,0.02,0,medium
T0249,22.7,0.456,0.252,0.418,67.2,1,0.85,1,high
T0250,9.0,0.39,0.564,0.57,49.4,0,0.02,0,medium
T0251,8.9,0.327,0.577,0.692,45.5,0,0.0,0,low
T0252,1.9,0.73,0.529,0.51,62.0,0,0.13,0,high
T0253,1.5,0.377,0.16,0.446,47.1,0,0.16,0,high
T0254,26.5,0.622,0.774,0.616,64.9,0,0.19,0,high
T0255,6.3,0.718,0.675,0.737,54.7,0,0.03,0,medium
T0256,35.0,0.618,0.734,0.704,67.4,0,0.04,0,medium
T0257,7.2,0.973,0.525,0.457,59.4,0,0.07,0,medium
T0258,2.7,0.499,0.64,0.466,52.1,0,0.0,0,low
T0259,12.0,0.312,0.526,0.626,48.6,0,0.01,0,low
T0260,19.0,0.718,0.829,0.711,69.6,0,0.02,0,medium
T0261,17.6,0.619,0.535,0.542,64.4,0,0.02,0,medium
T0262,20.3,0.264,0.887,0.8,46.6,0,0.0,0,low
T0263,5.0,0.569,0.664,0.629,53.8,0,0.03,0,medium
T0264,26.1,0.558,0.488,0.621,64.3,0,0.28,0,high
T0265,27.1,0.641,0.609,0.63,71.6,1,0.74,1,high
T0266,27.9,0.617,0.495,0.645,62.1,1,0.78,1,high
T0267,13.5,0.323,0.598,0.514,52.9,0,0.0,0,low
T0268,8.5,0.349,0.472,0.501,49.3,0,0.08,0,medium
T0269,7.9,0.734,0.516,0.519,57.8,0,0.02,0,medium
T0270,2.6,0.226,0.715,0.555,38.1,0,0.0,0,low
T0271,7.3,0.982,0.619,0.726,61.8,0,0.06,0,medium
T0272,0.8,0.421,0.652,0.635,46.4,0,0.0,0,low
T0273,2.3,0.325,0.791,0.654,49.2,0,0.04,0,medium
T0274,13.4,0.777,0.457,0.422,63.5,1,0.74,1,high
T0275,9.2,0.707,0.603,0.605,54.1,0,0.0,0,low
T0276,13.0,0.512,0.543,0.392,61.9,0,0.03,0,medium
T0277,18.1,0.56,0.219,0.357,58.8,0,0.28,0,high
T0278,14.7,0.538,0.416,0.414,64.6,1,0.81,1,high
T0279,13.8,0.323,0.605,0.568,56.6,0,0.0,0,low
T0280,10.5,0.918,0.869,0.674,66.7,0,0.15,0,high
T0281,6.1,0.787,0.379,0.548,59.0,1,0.77,1,high
T0282,3.8,0.731,0.195,0.413,54.5,1,0.72,1,high
T0283,7.5,0.791,0.634,0.68,56.2,0,0.0,0,low
T0284,10.6,0.469,0.95,0.766,50.8,0,0.03,0,medium
T0285,11.6,0.186,0.759,0.698,41.7,0,0.0,0,low
T0286,20.3,0.238,0.439,0.384,63.2,0,0.26,0,high
T0287,9.9,0.579,0.528,0.556,57.6,0,0.01,0,low
T0288,16.3,0.241,0.461,0.659,44.8,0,0.0,0,low
T0289,3.0,0.665,0.708,0.693,59.4,0,0.03,0,medium
T0290,13.5,0.294,0.818,0.854,45.7,0,0.0,0,low
T0291,12.8,0.576,0.681,0.492,52.0,0,0.03,0,medium
T0292,26.1,0.486,0.968,0.733,55.0,0,0.1,0,medium
T0293,9.3,0.358,0.558,0.606,56.0,0,0.03,0,medium
T0294,9.0,0.625,0.814,0.672,62.2,0,0.02,0,medium
T0295,18.1,0.842,0.611,0.699,67.9,0,0.07,0,medium
T0296,4.1,0.904,0.5,0.612,63.9,1,0.86,1,high
T0297,13.2,0.338,0.483,0.554,57.5,0,0.04,0,medium
T0298,3.9,0.55,0.215,0.34,57.1,0,0.1,0,medium
T0299,33.7,0.541,0.306,0.38,73.0,1,0.94,1,high
T0300,8.1,0.784,0.757,0.667,58.8,0,0.09,0,medium
T0301,3.6,0.293,0.839,0.819,43.6,0,0.0,0,low
T0302,7.5,0.724,0.481,0.365,56.1,0,0.06,0,medium
T0303,13.3,0.378,0.432,0.422,58.4,0,0.14,0,high
T0304,16.0,0.576,0.628,0.485,66.8,0,0.08,0,medium
T0305,25.2,0.601,0.2,0.316,67.6,1,0.94,1,high
T0306,6.7,0.457,0.261,0.307,53.0,0,0.08,0,medium
T0307,18.7,0.49,0.594,0.615,59.3,0,0.02,0,medium
T0308,2.3,0.371,0.515,0.506,43.2,0,0.0,0,low
T0309,4.7,0.736,0.782,0.664,46.5,0,0.0,0,low
T0310,3.1,0.294,0.681,0.726,47.0,0,0.0,0,low
T0311,5.8,0.192,0.621,0.7,38.9,0,0.0,0,low
T0312,18.1,0.756,0.706,0.655,61.8,0,0.03,0,medium
T0313,6.9,0.677,0.657,0.501,53.0,0,0.0,0,low
T0314,8.0,0.391,0.703,0.683,53.5,0,0.0,0,low
T0315,13.6,0.516,0.561,0.525,60.3,0,0.03,0,medium
T0316,15.5,0.577,0.415,0.509,57.6,0,0.17,0,high
T0317,8.2,0.423,0.306,0.407,47.0,0,0.1,0,medium
T0318,4.7,0.673,0.777,0.684,49.5,0,0.02,0,medium
T0319,30.3,0.438,0.479,0.643,65.1,0,0.24,0,high
T0320,8.2,0.359,0.583,0.462,51.4,0,0.01,0,low
T0321,8.8,0.554,0.675,0.66,52.2,0,0.03,0,medium
T0322,9.7,0.38,0.703,0.653,49.5,0,0.0,0,low
T0323,16.7,0.12,0.802,0.655,50.6,0,0.06,0,medium
T0324,2.9,0.666,0.559,0.587,51.6,0,0.01,0,low
T0325,35.0,0.704,0.483,0.506,75.6,1,0.92,1,high
T0326,8.7,0.643,0.699,0.711,47.6,0,0.0,0,low
T0327,17.0,0.368,0.435,0.519,67.7,1,0.69,1,high
T0328,3.7,0.502,0.783,0.788,43.7,0,0.0,0,low
T0329,12.6,0.265,0.611,0.626,49.1,0,0.01,0,low
T0330,34.2,0.46,0.462,0.612,68.5,1,0.77,1,high
T0331,31.2,0.444,0.531,0.552,62.5,1,0.85,1,high
T0332,16.7,0.721,0.807,0.706,59.2,0,0.04,0,medium
T0333,5.5,0.153,0.349,0.489,43.8,0,0.03,0,medium
T0334,24.4,0.812,0.185,0.334,67.9,1,0.9,1,high
T0335,2.3,0.596,0.54,0.526,53.2,0,0.02,0,medium
T0336,5.3,0.476,0.642,0.592,40.8,0,0.0,0,low
T0337,10.5,0.707,0.7,0.721,63.7,1,0.63,1,high
T0338,2.5,0.715,0.388,0.554,57.2,0,0.13,0,high
T0339,7.4,0.452,0.304,0.367,57.0,1,0.72,1,high
T0340,18.9,0.775,0.483,0.665,53.8,1,0.65,1,high
T0341,6.3,0.529,0.149,0.367,50.9,0,0.16,0,high
T0342,19.5,0.519,0.379,0.588,65.5,0,0.14,0,high
T0343,35.0,0.902,0.835,0.696,95.0,1,0.76,1,high
T0344,14.7,0.859,0.76,0.725,66.6,0,0.07,0,medium
T0345,19.3,0.895,0.831,0.672,70.4,0,0.15,0,high
T0346,24.9,0.324,0.761,0.784,56.6,0,0.03,0,medium
T0347,8.0,0.723,0.377,0.467,54.1,0,0.17,0,high
T0348,19.0,0.674,0.828,0.744,63.8,0,0.03,0,medium
T0349,7.8,0.492,0.619,0.577,45.6,0,0.03,0,medium
T0350,14.0,0.405,0.459,0.537,47.6,0,0.01,0,low
T0351,21.0,0.264,0.777,0.777,44.0,0,0.0,0,low
T0352,5.7,0.583,0.624,0.585,56.6,0,0.0,0,low
T0353,0.9,0.645,0.506,0.569,50.2,0,0.01,0,low
T0354,5.2,0.558,0.63,0.554,52.0,0,0.0,0,low
T0355,23.0,0.527,0.786,0.624,60.1,0,0.04,0,medium
T0356,4.7,0.427,0.817,0.867,37.0,0,0.0,0,low
T0357,22.2,0.385,0.885,0.748,51.0,0,0.03,0,medium
T0358,5.3,0.408,0.836,0.817,40.3,0,0.0,0,low
T0359,9.5,0.46,0.704,0.59,44.2,0,0.0,0,low
T0360,11.1,0.578,0.663,0.595,52.1,0,0.01,0,low
T0361,4.7,0.768,0.59,0.689,47.9,0,0.0,0,low
T0362,9.6,0.464,0.546,0.495,55.9,0,0.01,0,low
T0363,2.7,0.761,0.536,0.526,58.2,0,0.01,0,low
T0364,8.6,0.865,0.707,0.662,51.8,0,0.0,0,low
T0365,10.4,0.349,0.555,0.607,47.5,0,0.0,0,low
T0366,1.0,0.268,0.586,0.513,52.5,0,0.01,0,low
T0367,5.2,0.576,0.452,0.469,48.4,0,0.09,0,medium
T0368,13.7,0.444,0.725,0.716,53.2,0,0.0,0,low
T0369,4.2,0.733,0.83,0.676,53.0,0,0.02,0,medium
T0370,15.3,0.699,0.251,0.473,67.5,1,0.95,1,high
T0371,16.3,0.722,0.817,0.784,59.1,0,0.08,0,medium
T0372,13.6,0.61,0.945,0.608,54.5,0,0.05,0,medium
T0373,18.9,0.692,0.679,0.66,61.0,0,0.02,0,medium
T0374,2.5,0.292,0.353,0.469,45.9,0,0.04,0,medium
T0375,21.6,0.548,0.777,0.84,55.4,0,0.09,0,medium
T0376,4.7,0.557,0.356,0.355,48.1,0,0.15,0,high
T0377,12.0,0.54,0.675,0.58,60.9,0,0.01,0,low
T0378,33.3,0.232,0.522,0.704,63.8,1,0.72,1,high
T0379,8.4,0.44,0.874,0.759,41.8,0,0.0,0,low
T0380,11.3,0.531,0.463,0.601,52.1,0,0.02,0,medium
T0381,4.8,0.49,0.467,0.648,46.8,0,0.0,0,low
T0382,33.1,0.399,0.385,0.4,61.7,1,0.89,1,high
T0383,5.2,0.448,0.636,0.621,38.5,0,0.0,0,low
T0384,17.3,0.343,0.626,0.683,48.3,0,0.02,0,medium
T0385,24.9,0.602,0.537,0.579,62.0,1,0.74,1,high
T0386,18.4,0.676,0.657,0.713,51.9,0,0.03,0,medium
T0387,14.2,0.652,0.76,0.706,57.1,0,0.0,0,low
T0388,11.9,0.212,0.503,0.651,51.9,0,0.0,0,low
T0389,3.6,0.867,0.608,0.638,60.0,1,0.84,1,high
T0390,32.2,0.863,0.712,0.648,72.0,1,0.77,1,high
T0391,13.4,0.697,0.72,0.621,49.0,0,0.12,0,high
T0392,11.3,0.633,0.953,0.78,56.3,0,0.02,0,medium
T0393,4.4,0.738,0.887,0.77,51.8,0,0.01,0,low
T0394,11.7,0.32,0.661,0.622,51.0,1,0.65,1,high
T0395,10.8,0.763,0.281,0.449,70.9,1,0.86,1,high
T0396,33.3,0.701,0.758,0.69,64.9,1,0.72,1,high
T0397,11.3,0.735,0.758,0.701,41.9,0,0.03,0,medium
T0398,11.6,0.445,0.358,0.39,50.4,0,0.11,0,high
T0399,4.5,0.686,0.799,0.747,52.8,0,0.01,0,low
T0400,6.1,0.272,0.503,0.645,44.2,0,0.0,0,low
T0401,15.9,0.788,0.619,0.63,55.5,1,0.58,1,high
T0402,2.0,0.175,0.544,0.629,32.6,0,0.0,0,low
T0403,21.5,0.598,0.505,0.531,60.7,0,0.08,0,medium
T0404,21.9,0.847,0.511,0.603,60.7,0,0.17,0,high
T0405,5.6,0.353,0.617,0.563,49.6,1,0.63,1,high
T0406,14.3,0.841,0.754,0.678,58.8,0,0.05,0,medium
T0407,25.4,0.589,0.846,0.538,61.4,1,0.66,1,high
T0408,10.2,0.642,0.766,0.619,51.3,0,0.0,0,low
T0409,8.8,0.813,0.589,0.666,58.5,0,0.02,0,medium
T0410,9.6,0.204,0.347,0.586,45.9,0,0.04,0,medium
T0411,13.4,0.622,0.559,0.385,61.8,0,0.12,0,high
T0412,6.8,0.451,0.336,0.474,52.4,0,0.02,0,medium
T0413,8.2,0.707,0.68,0.598,55.4,0,0.01,0,low
T0414,13.6,0.204,0.308,0.496,44.6,0,0.01,0,low
T0415,7.7,0.477,0.572,0.618,46.3,0,0.0,0,low
T0416,4.1,0.541,0.445,0.434,50.6,0,0.02,0,medium
T0417,1.8,0.319,0.749,0.624,53.2,0,0.04,0,medium
T0418,11.5,0.54,0.884,0.767,44.2,0,0.0,0,low
T0419,24.4,0.513,0.639,0.521,60.5,0,0.12,0,high
T0420,14.8,0.617,0.474,0.346,62.7,1,0.71,1,high
T0421,4.3,0.734,0.846,0.839,48.1,0,0.0,0,low
T0422,6.1,0.63,0.658,0.745,55.5,0,0.0,0,low
T0423,8.7,0.787,0.435,0.41,59.6,1,0.74,1,high
T0424,34.0,0.721,0.506,0.59,70.5,1,0.84,1,high
T0425,35.0,0.625,0.496,0.635,73.4,0,0.32,0,high
T0426,32.6,0.608,0.712,0.601,77.2,0,0.11,0,high
T0427,12.3,0.617,0.534,0.495,65.1,0,0.05,0,medium
T0428,35.0,0.423,0.379,0.52,66.2,1,0.9,1,high
T0429,6.3,0.192,0.622,0.388,46.8,0,0.04,0,medium
T0430,8.5,0.709,0.866,0.897,50.8,0,0.01,0,low
T0431,20.4,0.748,0.771,0.52,66.1,0,0.06,0,medium
T0432,13.6,0.76,0.61,0.623,55.4,0,0.07,0,medium
T0433,14.2,0.111,0.704,0.798,47.3,0,0.0,0,low
T0434,4.9,0.365,0.769,0.745,44.6,0,0.0,0,low
T0435,10.7,0.507,0.532,0.56,53.3,0,0.0,0,low
T0436,6.4,0.505,0.59,0.582,44.1,0,0.0,0,low
T0437,3.4,0.797,0.698,0.548,56.0,0,0.02,0,medium
T0438,7.1,0.449,0.838,0.838,35.6,0,0.0,0,low
T0439,13.6,0.337,0.918,0.838,43.6,0,0.01,0,low
T0440,18.2,0.799,0.236,0.515,62.4,1,0.89,1,high
T0441,1.7,0.838,0.448,0.4,59.7,0,0.21,0,high
T0442,11.1,0.487,0.441,0.535,63.1,0,0.04,0,medium
T0443,10.4,0.795,0.807,0.775,58.6,0,0.04,0,medium
T0444,13.2,0.741,0.773,0.724,64.4,0,0.04,0,medium
T0445,4.3,0.208,0.624,0.538,46.7,0,0.0,0,low
T0446,4.4,0.407,0.73,0.776,49.3,0,0.0,0,low
T0447,24.8,0.755,0.706,0.606,75.9,0,0.16,0,high
T0448,5.7,0.776,0.785,0.663,50.9,0,0.01,0,low
T0449,8.2,0.546,0.767,0.756,45.3,0,0.0,0,low
T0450,8.8,0.394,0.863,0.786,49.2,0,0.0,0,low
T0451,6.5,0.359,0.771,0.761,44.1,0,0.0,0,low
T0452,15.6,0.745,0.74,0.7,60.2,0,0.0,0,low
T0453,14.7,0.478,0.685,0.492,55.2,0,0.01,0,low
T0454,10.0,0.79,0.622,0.542,56.7,0,0.04,0,medium
T0455,6.8,0.775,0.646,0.534,65.6,1,0.75,1,high
T0456,9.5,0.779,0.691,0.768,49.5,0,0.03,0,medium
T0457,11.8,0.608,0.841,0.546,60.0,0,0.03,0,medium
T0458,6.1,0.63,0.74,0.719,53.2,0,0.02,0,medium
T0459,16.4,0.811,0.458,0.34,59.7,1,0.79,1,high
T0460,21.4,0.43,0.21,0.302,58.7,1,0.86,1,high
T0461,27.6,0.929,0.572,0.475,71.1,1,0.93,1,high
T0462,26.5,0.891,0.811,0.771,70.5,1,0.74,1,high
T0463,8.8,0.136,0.832,0.734,39.2,0,0.0,0,low
T0464,12.2,0.327,0.591,0.701,47.5,0,0.0,0,low
T0465,9.9,0.57,0.423,0.445,49.2,1,0.8,1,high
T0466,9.9,0.791,0.489,0.523,71.5,0,0.06,0,medium
T0467,9.4,0.312,0.812,0.654,47.1,0,0.0,0,low
T0468,11.2,0.735,0.594,0.719,58.5,0,0.0,0,low
T0469,23.7,0.409,0.72,0.743,53.2,0,0.0,0,low
T0470,13.9,0.61,0.608,0.716,51.6,0,0.02,0,medium
T0471,4.2,0.555,0.399,0.452,62.1,1,0.77,1,high
T0472,20.8,0.38,0.728,0.695,44.8,0,0.0,0,low
T0473,13.0,0.621,0.538,0.677,56.7,0,0.02,0,medium
T0474,15.7,0.467,0.119,0.453,51.5,1,0.73,1,high
T0475,13.7,0.325,0.438,0.573,49.1,0,0.05,0,medium
T0476,14.2,0.166,0.48,0.685,42.6,0,0.01,0,low
T0477,14.6,0.666,0.778,0.795,50.2,0,0.11,0,high
T0478,2.2,0.561,0.42,0.453,51.7,0,0.11,0,high
T0479,15.6,0.607,0.801,0.684,43.6,0,0.05,0,medium
T0480,6.3,0.3,0.394,0.379,48.0,1,0.77,1,high
T0481,7.7,0.546,0.571,0.59,51.5,0,0.0,0,low
T0482,11.2,0.565,0.827,0.736,45.1,0,0.01,0,low
T0483,30.4,0.421,0.691,0.656,69.2,0,0.14,0,high
T0484,4.8,0.859,0.682,0.653,53.1,0,0.01,0,low
T0485,10.9,0.64,0.638,0.639,53.9,0,0.0,0,low
T0486,9.2,0.515,0.578,0.61,48.9,0,0.01,0,low
T0487,20.6,0.618,0.679,0.574,61.2,0,0.07,0,medium
T0488,9.0,0.824,0.579,0.674,64.0,0,0.11,0,high
T0489,13.1,0.811,0.234,0.234,79.9,1,0.91,1,high
T0490,4.8,0.777,0.49,0.675,57.6,0,0.05,0,medium
T0491,22.9,0.285,0.633,0.644,59.9,0,0.02,0,medium
T0492,3.1,0.314,0.653,0.57,53.1,0,0.03,0,medium
T0493,15.4,0.278,0.688,0.598,51.9,0,0.07,0,medium
T0494,13.2,0.637,0.428,0.42,68.2,1,0.78,1,high
T0495,14.6,0.757,0.479,0.571,65.1,1,0.68,1,high
T0496,3.2,0.488,0.628,0.603,48.5,0,0.0,0,low
T0497,8.9,0.439,0.654,0.679,50.5,0,0.0,0,low
T0498,20.0,0.464,0.744,0.551,49.2,0,0.01,0,low
T0499,33.3,0.3,0.658,0.691,61.6,0,0.18,0,high
T0500,10.3,0.9,0.808,0.823,49.5,0,0.05,0,medium
T0501,18.7,0.472,0.319,0.519,50.2,0,0.06,0,medium
T0502,12.3,0.778,0.421,0.594,60.8,0,0.21,0,high
T0503,10.7,0.908,0.61,0.534,57.2,0,0.14,0,high
T0504,8.1,0.851,0.521,0.512,60.4,1,0.71,1,high
T0505,11.2,0.321,0.761,0.797,46.1,0,0.0,0,low
T0506,17.6,0.516,0.367,0.55,59.0,0,0.08,0,medium
T0507,18.6,0.607,0.573,0.398,58.8,1,0.74,1,high
T0508,3.8,0.792,0.751,0.72,57.2,0,0.0,0,low
T0509,7.6,0.564,0.833,0.865,46.9,0,0.0,0,low
T0510,4.6,0.425,0.821,0.803,45.9,0,0.0,0,low
T0511,11.6,0.488,0.407,0.52,48.4,0,0.01,0,low
T0512,8.7,0.132,0.571,0.619,42.1,0,0.0,0,low
T0513,14.2,0.634,0.462,0.572,63.7,0,0.18,0,high
T0514,14.9,0.716,0.516,0.617,64.4,0,0.05,0,medium
T0515,1.1,0.524,0.653,0.505,45.2,0,0.0,0,low
T0516,11.2,0.752,0.817,0.724,53.5,0,0.02,0,medium
T0517,24.0,0.425,0.791,0.714,52.0,0,0.03,0,medium
T0518,7.6,0.76,0.851,0.804,49.5,0,0.0,0,low
T0519,7.4,0.525,0.761,0.817,40.3,0,0.04,0,medium
T0520,21.4,0.416,0.59,0.549,57.4,0,0.0,0,low
T0521,19.2,0.398,0.697,0.743,56.1,0,0.0,0,low
T0522,5.1,0.724,0.512,0.581,50.6,0,0.03,0,medium
T0523,18.0,0.576,0.924,0.758,55.4,1,0.75,1,high
T0524,6.0,0.519,0.644,0.652,48.2,0,0.05,0,medium
T0525,7.3,0.653,0.8,0.802,55.6,0,0.01,0,low
T0526,5.1,0.48,0.85,0.759,42.9,0,0.0,0,low
T0527,3.8,0.564,0.788,0.752,44.3,0,0.0,0,low
T0528,12.1,0.822,0.399,0.572,56.8,0,0.13,0,high
T0529,3.3,0.324,0.535,0.522,40.0,0,0.0,0,low
T0530,12.5,0.356,0.594,0.616,52.9,0,0.01,0,low
T0531,12.2,0.822,0.338,0.503,61.7,1,0.83,1,high
T0532,10.0,0.749,0.53,0.44,60.8,0,0.02,0,medium
T0533,7.9,0.46,0.762,0.608,56.3,0,0.0,0,low
T0534,6.7,0.421,0.705,0.721,53.0,0,0.0,0,low
T0535,4.5,0.4,0.211,0.29,44.1,0,0.11,0,high
T0536,27.7,0.759,0.575,0.669,70.5,1,0.89,1,high
T0537,9.7,0.454,0.819,0.804,48.4,0,0.0,0,low
T0538,9.4,0.39,0.32,0.312,52.3,0,0.09,0,medium
T0539,5.3,0.778,0.608,0.483,59.2,0,0.05,0,medium
T0540,25.9,0.278,0.764,0.783,44.9,0,0.04,0,medium
T0541,7.0,0.53,0.565,0.445,61.2,0,0.07,0,medium
T0542,13.3,0.822,0.587,0.708,61.9,0,0.05,0,medium
T0543,15.1,0.682,0.754,0.707,53.0,0,0.0,0,low
T0544,12.1,0.977,0.874,0.736,58.6,0,0.04,0,medium
T0545,3.2,0.51,0.657,0.534,41.0,0,0.0,0,low
T0546,17.5,0.539,0.389,0.416,59.3,1,0.83,1,high
T0547,7.0,0.483,0.436,0.378,51.6,0,0.09,0,medium
T0548,19.1,0.628,0.399,0.537,55.0,1,0.69,1,high
T0549,10.7,0.599,0.459,0.66,57.6,0,0.06,0,medium
T0550,15.8,0.643,0.825,0.689,63.6,0,0.01,0,low
T0551,24.8,0.394,0.754,0.608,58.5,0,0.01,0,low
T0552,17.0,0.666,0.422,0.399,62.2,1,0.86,1,high
T0553,16.0,0.77,0.792,0.632,63.3,1,0.69,1,high
T0554,18.0,0.585,0.758,0.62,58.4,0,0.04,0,medium
T0555,5.9,0.403,0.461,0.504,43.9,0,0.0,0,low
T0556,19.6,0.863,0.51,0.45,65.4,0,0.19,0,high
T0557,9.1,0.78,0.475,0.631,55.8,0,0.14,0,high
T0558,9.3,0.72,0.967,0.838,53.6,0,0.04,0,medium
T0559,11.9,0.278,0.519,0.437,51.4,0,0.02,0,medium
T0560,8.5,0.6,0.554,0.655,53.6,1,0.61,1,high
T0561,4.9,0.72,0.605,0.574,46.8,0,0.01,0,low
T0562,11.2,0.425,0.725,0.719,52.5,0,0.0,0,low
T0563,9.4,0.397,0.243,0.293,55.1,0,0.2,0,high
T0564,9.1,0.719,0.489,0.472,71.5,0,0.11,0,high
T0565,10.4,0.613,0.737,0.769,50.0,0,0.03,0,medium
T0566,1.3,0.46,0.522,0.569,48.3,0,0.0,0,low
T0567,9.2,0.497,0.416,0.353,70.2,0,0.25,0,high
T0568,26.8,0.245,0.765,0.742,55.1,0,0.09,0,medium
T0569,25.4,0.664,0.876,0.746,62.1,0,0.17,0,high
T0570,11.5,0.944,0.76,0.801,54.3,0,0.01,0,low
T0571,11.2,0.629,0.567,0.643,62.6,0,0.1,0,medium
T0572,0.9,0.67,0.707,0.729,42.4,0,0.0,0,low
T0573,7.3,0.518,0.81,0.669,51.9,1,0.67,1,high
T0574,17.9,0.394,0.338,0.527,53.5,0,0.04,0,medium
T0575,8.3,0.502,0.575,0.429,53.4,0,0.0,0,low
T0576,21.9,0.508,0.595,0.695,50.7,0,0.0,0,low
T0577,21.1,0.794,0.712,0.564,72.7,1,0.74,1,high
T0578,7.2,0.402,0.898,0.714,44.9,0,0.01,0,low
T0579,12.1,0.743,0.532,0.477,55.0,0,0.03,0,medium
T0580,28.1,0.425,0.793,0.77,64.6,0,0.07,0,medium
T0581,3.1,0.696,0.617,0.424,53.0,0,0.07,0,medium
T0582,8.5,0.277,0.673,0.604,48.0,0,0.02,0,medium
T0583,2.8,0.674,0.682,0.461,58.5,0,0.02,0,medium
T0584,5.5,0.468,0.359,0.56,51.9,0,0.02,0,medium
T0585,33.4,0.236,0.531,0.512,51.0,1,0.69,1,high
T0586,8.5,0.379,0.361,0.457,54.7,1,0.63,1,high
T0587,1.7,0.613,0.695,0.683,47.7,0,0.0,0,low
T0588,4.8,0.641,0.786,0.625,50.1,0,0.01,0,low
T0589,2.5,0.224,0.566,0.475,43.3,0,0.0,0,low
T0590,12.5,0.651,0.547,0.654,48.0,0,0.05,0,medium
T0591,15.0,0.491,0.795,0.769,52.9,0,0.02,0,medium
T0592,19.8,0.391,0.644,0.737,46.4,0,0.0,0,low
T0593,17.2,0.391,0.786,0.816,48.8,0,0.01,0,low
T0594,3.3,0.655,0.603,0.597,52.4,0,0.0,0,low
T0595,14.5,0.5,0.773,0.675,58.9,0,0.02,0,medium
T0596,10.1,0.368,0.706,0.803,41.6,0,0.0,0,low
T0597,21.7,0.46,0.506,0.578,66.0,0,0.1,0,medium
T0598,18.5,0.437,0.424,0.582,61.0,0,0.1,0,medium
T0599,35.0,0.459,0.645,0.57,64.7,0,0.3,0,high
T0600,5.2,0.256,0.567,0.566,39.0,0,0.0,0,low
T0601,4.6,0.21,0.536,0.49,37.3,0,0.0,0,low
T0602,7.7,0.406,0.837,0.77,47.0,0,0.0,0,low
T0603,10.4,0.727,0.747,0.6,53.8,0,0.01,0,low
T0604,6.5,0.552,0.755,0.741,54.7,0,0.0,0,low
T0605,5.4,0.623,0.139,0.27,54.7,0,0.11,0,high
T0606,13.8,0.507,0.757,0.715,48.1,0,0.0,0,low
T0607,7.7,0.604,0.561,0.606,54.1,0,0.02,0,medium
T0608,6.3,0.401,0.71,0.598,44.4,0,0.0,0,low
T0609,3.3,0.41,0.26,0.441,49.1,0,0.02,0,medium
T0610,1.0,0.539,0.473,0.411,56.0,0,0.12,0,high
T0611,26.0,0.913,0.618,0.475,73.7,1,0.91,1,high
T0612,25.5,0.329,0.627,0.691,56.7,0,0.03,0,medium
T0613,18.9,0.41,0.572,0.611,56.4,0,0.0,0,low
T0614,16.1,0.472,0.813,0.822,42.8,0,0.0,0,low
T0615,7.1,0.897,0.525,0.679,59.7,0,0.07,0,medium
T0616,16.5,0.55,0.639,0.716,55.9,0,0.0,0,low
T0617,4.3,0.53,0.404,0.471,56.2,0,0.12,0,high
T0618,11.9,0.464,0.696,0.725,53.3,0,0.0,0,low
T0619,5.9,0.118,0.734,0.618,40.0,0,0.0,0,low
T0620,16.6,0.749,0.681,0.721,64.6,0,0.09,0,medium
T0621,29.3,0.268,0.686,0.759,54.4,0,0.11,0,high
T0622,4.8,0.537,0.768,0.664,50.0,0,0.01,0,low
T0623,7.4,0.274,0.644,0.642,43.4,0,0.0,0,low
T0624,11.8,0.733,0.79,0.826,56.6,0,0.04,0,medium
T0625,2.0,0.647,0.505,0.602,48.7,0,0.02,0,medium
T0626,2.7,0.22,0.355,0.497,51.7,0,0.03,0,medium
T0627,28.8,0.381,0.615,0.649,70.1,0,0.13,0,high
T0628,13.9,0.582,0.892,0.804,57.0,0,0.09,0,medium
T0629,6.8,0.136,0.328,0.28,55.7,1,0.65,1,high
T0630,10.9,0.155,0.921,0.655,36.5,0,0.0,0,low
T0631,7.7,0.491,0.451,0.608,43.4,0,0.0,0,low
T0632,12.0,0.672,0.589,0.667,54.4,0,0.03,0,medium
T0633,7.9,0.555,0.513,0.62,52.0,0,0.02,0,medium
T0634,10.3,0.783,0.766,0.809,53.9,0,0.0,0,low
T0635,17.6,0.534,0.747,0.804,45.6,0,0.03,0,medium
T0636,16.8,0.501,0.569,0.682,60.6,0,0.01,0,low
T0637,27.8,0.745,0.831,0.73,76.7,0,0.15,0,high
T0638,14.5,0.283,0.878,0.812,52.8,0,0.01,0,low
T0639,11.4,0.678,0.73,0.612,62.2,0,0.01,0,low
T0640,30.4,0.708,0.579,0.634,69.6,1,0.82,1,high
T0641,9.5,0.513,0.66,0.674,46.6,0,0.0,0,low
T0642,1.2,0.218,0.53,0.396,44.7,0,0.03,0,medium
T0643,19.1,0.127,0.462,0.414,63.3,0,0.13,0,high
T0644,13.4,0.374,0.371,0.311,54.9,0,0.15,0,high
T0645,11.0,0.439,0.518,0.461,51.7,0,0.01,0,low
T0646,19.4,0.518,0.477,0.574,64.2,0,0.05,0,medium
T0647,8.0,0.486,0.751,0.771,53.5,0,0.0,0,low
T0648,1.2,0.382,0.76,0.729,37.8,0,0.0,0,low
T0649,19.7,0.364,0.556,0.502,55.4,0,0.03,0,medium
T0650,6.6,0.284,0.423,0.513,44.5,0,0.01,0,low
T0651,5.0,0.241,0.538,0.419,47.1,0,0.01,0,low
T0652,1.3,0.598,0.967,0.834,50.5,0,0.09,0,medium
T0653,18.6,0.767,0.436,0.518,60.7,0,0.25,0,high
T0654,0.7,0.322,0.771,0.79,44.7,0,0.0,0,low
T0655,24.7,0.7,0.558,0.426,69.0,1,0.88,1,high
T0656,8.6,0.426,0.815,0.798,57.8,0,0.01,0,low
T0657,19.2,0.775,0.284,0.394,69.1,0,0.37,0,high
T0658,14.8,0.715,0.534,0.636,58.7,0,0.03,0,medium
T0659,34.0,0.592,0.744,0.669,70.3,0,0.15,0,high
T0660,14.6,0.267,0.405,0.572,48.6,0,0.03,0,medium
T0661,24.1,0.266,0.602,0.452,49.2,0,0.08,0,medium
T0662,7.2,0.494,0.317,0.475,51.4,0,0.05,0,medium
T0663,2.7,0.302,0.29,0.398,45.8,1,0.6,1,high
T0664,21.2,0.739,0.703,0.712,54.2,0,0.03,0,medium
T0665,2.6,0.438,0.713,0.816,42.1,0,0.0,0,low
T0666,18.5,0.638,0.623,0.637,49.3,0,0.06,0,medium
T0667,4.5,0.61,0.674,0.664,48.4,0,0.01,0,low
T0668,13.6,0.828,0.811,0.819,58.8,1,0.59,1,high
T0669,34.4,0.413,0.667,0.66,64.3,1,0.73,1,high
T0670,17.5,0.538,0.646,0.566,56.1,0,0.0,0,low
T0671,9.5,0.597,0.377,0.408,57.1,1,0.73,1,high
T0672,15.1,0.448,0.628,0.747,47.5,0,0.01,0,low
T0673,7.4,0.499,0.287,0.423,53.9,0,0.07,0,medium
T0674,35.0,0.411,0.443,0.454,68.2,1,0.91,1,high
T0675,6.2,0.618,0.405,0.585,48.3,0,0.08,0,medium
T0676,10.3,0.587,0.275,0.542,56.7,0,0.12,0,high
T0677,16.5,0.617,0.621,0.58,60.3,0,0.03,0,medium
T0678,14.3,0.915,0.662,0.691,61.5,0,0.05,0,medium
T0679,15.5,0.64,0.28,0.511,72.3,1,0.94,1,high
T0680,7.5,0.327,0.496,0.45,48.9,0,0.03,0,medium
T0681,9.2,0.499,0.595,0.575,50.8,0,0.0,0,low
T0682,20.5,0.262,0.394,0.417,54.5,1,0.74,1,high
T0683,19.9,0.413,0.771,0.631,50.8,0,0.01,0,low
T0684,14.6,0.91,0.841,0.871,62.5,0,0.07,0,medium
T0685,26.0,0.647,0.557,0.355,66.0,1,0.91,1,high
T0686,21.1,0.44,0.624,0.737,52.2,0,0.0,0,low
T0687,19.5,0.902,0.591,0.691,62.4,0,0.08,0,medium
T0688,2.5,0.25,0.452,0.384,41.2,0,0.04,0,medium
T0689,14.5,0.513,0.374,0.481,48.5,0,0.05,0,medium
T0690,12.7,0.823,0.193,0.302,64.0,1,0.86,1,high
T0691,28.1,0.778,0.809,0.78,70.3,0,0.11,0,high
T0692,9.9,0.321,0.629,0.748,46.5,0,0.0,0,low
T0693,12.0,0.365,0.92,0.758,55.4,0,0.05,0,medium
T0694,4.4,0.436,0.484,0.582,51.5,0,0.03,0,medium
T0695,5.2,0.461,0.418,0.507,52.8,0,0.03,0,medium
T0696,28.2,0.642,0.657,0.601,75.6,0,0.16,0,high
T0697,15.4,0.349,0.363,0.403,55.2,0,0.12,0,high
T0698,34.5,0.437,0.806,0.784,62.5,0,0.13,0,high
T0699,9.8,0.446,0.66,0.743,48.2,0,0.0,0,low
T0700,3.2,0.612,0.365,0.346,62.9,0,0.15,0,high
T0701,8.7,0.456,0.366,0.52,51.9,0,0.04,0,medium
T0702,7.6,0.449,0.492,0.442,49.3,0,0.05,0,medium
T0703,17.9,0.826,0.503,0.537,68.2,0,0.11,0,high
T0704,17.4,0.261,0.288,0.348,51.9,1,0.74,1,high
T0705,16.0,0.343,0.961,0.968,48.4,0,0.0,0,low
T0706,35.0,0.595,0.354,0.439,74.3,1,0.97,1,high
T0707,25.0,0.311,0.611,0.677,54.8,0,0.01,0,low
T0708,5.6,0.467,0.495,0.664,50.5,0,0.04,0,medium
T0709,21.5,0.656,0.299,0.536,56.2,0,0.15,0,high
T0710,11.4,0.69,0.213,0.483,60.2,1,0.85,1,high
T0711,9.6,0.535,0.839,0.818,46.5,0,0.0,0,low
T0712,27.1,0.605,0.522,0.593,79.2,1,0.79,1,high
T0713,5.3,0.395,0.398,0.529,49.1,0,0.06,0,medium
T0714,20.6,0.504,0.629,0.667,54.4,0,0.0,0,low
T0715,18.5,0.64,0.809,0.672,52.2,0,0.1,0,medium
T0716,5.2,0.668,0.411,0.327,64.5,0,0.17,0,high
T0717,2.4,0.649,0.551,0.679,47.8,0,0.0,0,low
T0718,10.5,0.205,0.736,0.688,40.5,0,0.01,0,low
T0719,23.1,0.59,0.649,0.717,61.6,0,0.23,0,high
T0720,14.4,0.887,0.612,0.673,65.3,1,0.69,1,high
T0721,27.6,0.675,0.838,0.708,67.9,1,0.6,1,high
T0722,13.7,0.292,0.25,0.457,52.5,0,0.08,0,medium
T0723,28.8,0.856,0.384,0.33,77.0,1,0.98,1,high
T0724,7.0,0.621,0.905,0.861,49.5,0,0.01,0,low
T0725,15.9,0.785,0.778,0.765,60.7,0,0.09,0,medium
T0726,8.3,0.379,0.54,0.592,50.8,0,0.02,0,medium
T0727,10.3,0.859,0.595,0.563,66.4,0,0.12,0,high
T0728,12.0,0.561,0.713,0.672,53.7,0,0.01,0,low
T0729,14.4,0.614,0.871,0.655,52.3,0,0.11,0,high
T0730,6.2,0.364,0.644,0.732,43.9,0,0.0,0,low
T0731,15.4,0.472,0.531,0.713,56.6,0,0.0,0,low
T0732,11.5,0.803,0.452,0.526,52.2,0,0.06,0,medium
T0733,3.3,0.734,0.686,0.659,43.4,0,0.04,0,medium
T0734,2.1,0.572,0.37,0.533,54.8,1,0.75,1,high
T0735,23.2,0.521,0.353,0.534,69.4,0,0.18,0,high
T0736,9.9,0.105,0.664,0.482,39.3,0,0.02,0,medium
T0737,3.0,0.396,0.695,0.653,45.3,0,0.0,0,low
T0738,31.8,0.443,0.269,0.456,64.6,0,0.34,0,high
T0739,16.5,0.462,0.751,0.609,53.8,0,0.01,0,low
T0740,14.1,0.461,0.416,0.475,57.6,1,0.74,1,high
T0741,5.8,0.418,0.604,0.56,42.1,0,0.01,0,low
T0742,3.3,0.251,0.313,0.41,40.6,0,0.05,0,medium
T0743,12.7,0.799,0.246,0.305,64.2,0,0.3,0,high
T0744,11.0,0.475,0.604,0.493,53.5,0,0.0,0,low
T0745,4.5,0.352,0.338,0.463,42.5,0,0.02,0,medium
T0746,4.4,0.468,0.238,0.422,55.3,0,0.03,0,medium
T0747,4.2,0.394,0.499,0.576,44.7,0,0.0,0,low
T0748,4.0,0.251,0.649,0.549,42.0,0,0.0,0,low
T0749,6.8,0.247,0.246,0.395,49.8,0,0.08,0,medium
T0750,14.1,0.289,0.869,0.742,46.8,0,0.0,0,low
T0751,15.8,0.414,0.792,0.775,54.8,0,0.0,0,low
T0752,10.9,0.49,0.292,0.371,51.9,0,0.14,0,high
T0753,12.3,0.686,0.675,0.663,49.6,1,0.72,1,high
T0754,16.3,0.555,0.494,0.517,57.2,0,0.03,0,medium
T0755,1.5,0.454,0.459,0.606,46.3,0,0.0,0,low
T0756,13.0,0.439,0.443,0.586,46.7,0,0.01,0,low
T0757,25.8,0.535,0.512,0.611,55.3,0,0.1,0,medium
T0758,9.7,0.365,0.754,0.705,48.1,0,0.0,0,low
T0759,22.6,0.482,0.643,0.469,57.9,0,0.07,0,medium
T0760,9.9,0.739,0.401,0.476,52.3,1,0.83,1,high
T0761,17.1,0.617,0.558,0.678,62.4,0,0.06,0,medium
T0762,13.9,0.563,0.916,0.732,50.4,1,0.72,1,high
T0763,4.1,0.419,0.274,0.485,54.7,0,0.05,0,medium
T0764,5.0,0.594,0.66,0.586,51.7,0,0.0,0,low
T0765,28.8,0.778,0.359,0.371,75.2,1,0.92,1,high
T0766,19.6,0.845,0.715,0.737,62.0,0,0.01,0,low
T0767,10.4,0.693,0.403,0.594,43.5,1,0.72,1,high
T0768,9.4,0.358,0.416,0.479,45.2,0,0.03,0,medium
T0769,5.8,0.616,0.4,0.41,55.0,0,0.19,0,high
T0770,14.8,0.499,0.301,0.471,59.2,0,0.22,0,high
T0771,6.2,0.929,0.942,0.822,46.4,1,0.73,1,high
T0772,8.5,0.596,0.49,0.626,52.7,0,0.11,0,high
T0773,6.8,0.34,0.954,0.851,36.6,0,0.01,0,low
T0774,18.8,0.799,0.649,0.743,62.7,0,0.1,0,medium
T0775,10.0,0.637,0.533,0.605,55.1,0,0.01,0,low
T0776,12.4,0.123,0.652,0.665,47.9,0,0.0,0,low
T0777,4.2,0.649,0.352,0.545,58.3,0,0.07,0,medium
T0778,6.8,0.631,0.526,0.653,54.5,0,0.04,0,medium
T0779,12.6,0.859,0.913,0.866,61.2,0,0.07,0,medium
T0780,2.6,0.301,0.695,0.565,42.2,0,0.01,0,low
T0781,9.5,0.52,0.582,0.628,65.9,0,0.06,0,medium
T0782,11.1,0.402,0.351,0.348,49.2,1,0.69,1,high
T0783,3.7,0.257,0.727,0.762,37.5,0,0.0,0,low
T0784,21.9,0.385,0.722,0.716,59.2,0,0.01,0,low
T0785,14.3,0.76,0.429,0.582,64.6,0,0.22,0,high
T0786,10.0,0.53,0.793,0.558,56.0,0,0.01,0,low
T0787,6.4,0.861,0.648,0.611,61.1,1,0.79,1,high
T0788,2.5,0.249,0.686,0.666,30.6,0,0.0,0,low
T0789,20.8,0.701,0.759,0.807,67.3,0,0.11,0,high
T0790,7.9,0.866,0.769,0.809,54.2,0,0.01,0,low
T0791,3.2,0.379,0.702,0.687,50.1,0,0.0,0,low
T0792,6.2,0.87,0.896,0.908,42.4,0,0.08,0,medium
T0793,15.3,0.459,0.839,0.864,51.0,0,0.03,0,medium
T0794,13.3,0.701,0.583,0.676,54.4,0,0.0,0,low
T0795,4.5,0.748,0.581,0.658,56.2,0,0.02,0,medium
T0796,23.3,0.62,0.799,0.805,60.7,1,0.72,1,high
T0797,3.1,0.249,0.428,0.357,48.8,0,0.12,0,high
T0798,26.4,0.434,0.708,0.778,52.1,1,0.63,1,high
T0799,12.9,0.517,0.622,0.596,54.1,0,0.05,0,medium
T0800,8.3,0.715,0.642,0.77,52.0,0,0.0,0,low
